step,episodeID,latent_wheel_slip_pos_norm,latent_speed,latent_desired_speed,latent_speed_error,weight_speed_slip,latent_accel_raw,latent_brake_raw
0,0,0.0,0.0,0.7306665778160095,0.7306665778160095,-0.0039033063221722,0.6741159558296204,0.0
1,0,0.0,0.0219120439141988,0.7304471135139465,0.7085350751876831,-0.0039033063221722,0.6536973714828491,0.0
2,0,0.0008738235919736,0.0339810624718666,0.7305476665496826,0.6965665817260742,-0.0039033063221722,0.6426551938056946,0.0
3,0,0.0092113567516207,0.0435707755386829,0.7305261492729187,0.6869553923606873,-0.0039033063221722,0.6337878704071045,0.0
4,0,0.0179775860160589,0.0525357984006404,0.7304809093475342,0.6779451370239258,-0.0039033063221722,0.6254749298095703,0.0
5,0,0.0264747366309165,0.0613434500992298,0.7304423451423645,0.6690989136695862,-0.0039033063221722,0.6173133850097656,0.0
6,0,0.0345651656389236,0.0701114758849144,0.730414628982544,0.6603031754493713,-0.0039033063221722,0.6091983914375305,0.0
7,0,0.0401345789432525,0.0788695141673088,0.7304057478904724,0.651536226272583,-0.0039033063221722,0.6011099815368652,0.0
8,0,0.0439033396542072,0.0876250267028808,0.7304112911224365,0.6427862644195557,-0.0039033063221722,0.5930372476577759,0.0
9,0,0.0464880615472793,0.0963799208402633,0.7304293513298035,0.6340494155883789,-0.0039033063221722,0.5849765539169312,0.0
10,0,0.048219446092844,0.1051346510648727,0.7304577231407166,0.6253230571746826,-0.0039033063221722,0.5769256353378296,0.0
11,0,0.0492966659367084,0.1138893514871597,0.7304968237876892,0.6166074872016907,-0.0039033063221722,0.5688846111297607,0.0
12,0,0.049848984926939,0.1226440295577049,0.7305449843406677,0.6079009771347046,-0.0039033063221722,0.5608519315719604,0.0
13,0,0.049964752048254,0.1313987225294113,0.7306025624275208,0.5992038249969482,-0.0039033063221722,0.5528278946876526,0.0
14,0,0.0497066304087638,0.1401533931493759,0.7306684255599976,0.5905150175094604,-0.0039033063221722,0.5448115468025208,0.0
15,0,0.0491202436387538,0.1489080786705017,0.7307423949241638,0.5818343162536621,-0.0039033063221722,0.5368027091026306,0.0
16,0,0.0482394136488437,0.1576627492904663,0.730552613735199,0.5728898644447327,-0.0039033063221722,0.5285505056381226,0.0
17,0,0.0470860674977302,0.1664174795150756,0.7306553721427917,0.5642378926277161,-0.0039033063221722,0.5205681920051575,0.0
18,0,0.045683104544878,0.1751721352338791,0.7307649254798889,0.5555927753448486,-0.0039033063221722,0.5125921368598938,0.0
19,0,0.0440446250140666,0.1839268505573272,0.7308827638626099,0.546955943107605,-0.0039033063221722,0.5046237707138062,0.0
20,0,0.0421811044216156,0.1926815211772918,0.7310073971748352,0.5383259057998657,-0.0039033063221722,0.4966616928577423,0.0
21,0,0.0400999262928962,0.2014362215995788,0.7311378717422485,0.5297016501426697,-0.0039033063221722,0.4887049198150635,0.0
22,0,0.0378060303628444,0.2101909220218658,0.7312731742858887,0.5210822820663452,-0.0039033063221722,0.4807526469230652,0.0
23,0,0.0353021174669265,0.2189456075429916,0.7314116358757019,0.5124660134315491,-0.0039033063221722,0.4728032350540161,0.0
24,0,0.032589167356491,0.2277002930641174,0.7315526008605957,0.5038523077964783,-0.0039033063221722,0.464856207370758,0.0
25,0,0.0296662896871566,0.236455038189888,0.7315851449966431,0.4951301217079162,-0.0039033063221722,0.4568090736865997,0.0
26,0,0.0265299528837203,0.245209738612175,0.7317445278167725,0.4865347743034363,-0.0039033063221722,0.4488789737224579,0.0
27,0,0.023178081959486,0.2539644539356231,0.731900691986084,0.4779362380504608,-0.0039033063221722,0.4409459233283996,0.0
28,0,0.0196055751293897,0.2627191841602325,0.7320542931556702,0.4693351089954376,-0.0039033063221722,0.4330104887485504,0.0
29,0,0.0158061105757951,0.2714738845825195,0.7322039604187012,0.4607300758361816,-0.0039033063221722,0.4250714480876922,0.0
30,0,0.0117719592526555,0.2802285850048065,0.7323468327522278,0.4521182477474212,-0.0039033063221722,0.4171261489391327,0.0
31,0,0.0074939080514013,0.2889833152294159,0.7324817180633545,0.4434984028339386,-0.0039033063221722,0.4091734290122986,0.0
32,0,0.0029615415260195,0.2977380156517029,0.7325441837310791,0.4348061680793762,-0.0039033063221722,0.401153951883316,0.0
33,0,0.0,0.3064927458763122,0.7325316667556763,0.426038920879364,-0.0039033063221722,0.3930652439594269,0.0
34,0,0.0,0.3152474761009216,0.7325167059898376,0.417269229888916,-0.0039033063221722,0.3849743008613586,0.0
35,0,0.0,0.3240021765232086,0.7325112223625183,0.4085090458393097,-0.0039033063221722,0.3768921196460724,0.0
36,0,0.0,0.332756906747818,0.7325137257575989,0.3997568190097809,-0.0039033063221722,0.3688172698020935,0.0
37,0,0.0,0.3415116369724273,0.7325592041015625,0.3910475671291351,-0.0039033063221722,0.3607820868492126,0.0
38,0,0.0,0.3502148687839508,0.7325841784477234,0.3823693096637726,-0.0039033063221722,0.3527754843235016,0.0
39,0,0.0,0.3542360961437225,0.7325812578201294,0.3783451616764068,-0.0039033063221722,0.3490628004074096,0.0
40,0,0.0,0.3591017127037048,0.7325919270515442,0.3734902143478393,-0.0039033063221722,0.3445836007595062,0.0
41,0,0.0,0.3637000024318695,0.7325878739356995,0.3688878715038299,-0.0039033063221722,0.3403374552726745,0.0
42,0,0.0,0.3682460486888885,0.7326247692108154,0.3643787205219269,-0.0039033063221722,0.3361772894859314,0.0
43,0,0.0,0.3726949393749237,0.7326242327690125,0.3599292933940887,-0.0039033063221722,0.3320722281932831,0.0
44,0,0.0,0.3770548105239868,0.7326259613037109,0.3555711507797241,-0.0039033063221722,0.3280513882637024,0.0
45,0,0.0,0.3813251256942749,0.732631504535675,0.3513063788414001,-0.0039033063221722,0.3241167068481445,0.0
46,0,0.0,0.3855084180831909,0.7326395511627197,0.3471311330795288,-0.0039033063221722,0.320264607667923,0.0
47,0,0.0,0.3896065652370453,0.7326822876930237,0.3430757224559784,-0.0039033063221722,0.3165230751037597,0.0
48,0,0.0,0.3936227858066559,0.732692301273346,0.33906951546669,-0.0039033063221722,0.312826931476593,0.0
49,0,0.0,0.3975588083267212,0.7327029705047607,0.3351441621780395,-0.0039033063221722,0.3092053830623626,0.0
50,0,0.0,0.40141761302948,0.7327154278755188,0.3312978148460388,-0.0039033063221722,0.3056567311286926,0.0
51,0,0.0,0.4052013456821441,0.7327525019645691,0.3275511562824249,-0.0039033063221722,0.302200049161911,0.0
52,0,0.0,0.4089131653308868,0.7327638864517212,0.3238507211208343,-0.0039033063221722,0.2987859845161438,0.0
53,0,0.0,0.4125547707080841,0.732775092124939,0.3202203214168548,-0.0039033063221722,0.2954365909099579,0.0
54,0,0.0,0.4161286056041717,0.7327868342399597,0.3166582286357879,-0.0039033063221722,0.2921501696109772,0.0
55,0,0.0,0.4196367859840393,0.7328159809112549,0.3131791949272156,-0.0039033063221722,0.2889403998851776,0.0
56,0,0.0,0.4230817258358001,0.732825756072998,0.3097440302371979,-0.0039033063221722,0.2857711017131805,0.0
57,0,0.0,0.4264651238918304,0.73283451795578,0.3063693940639496,-0.0039033063221722,0.282657653093338,0.0
58,0,0.0,0.4297886490821838,0.7328429818153381,0.3030543327331543,-0.0039033063221722,0.2795991599559784,0.0
59,0,0.0,0.4330544173717499,0.7328646183013916,0.2998102009296417,-0.0039033063221722,0.2766061127185821,0.0
60,0,0.0,0.4362641870975494,0.7328708171844482,0.2966066300868988,-0.0039033063221722,0.2736504971981048,0.0
61,0,0.0,0.4394194185733795,0.732875645160675,0.2934562265872955,-0.0039033063221722,0.2707439064979553,0.0
62,0,0.0,0.4425216615200043,0.7328798174858093,0.290358155965805,-0.0039033063221722,0.2678856253623962,0.0
63,0,0.0,0.4455724954605102,0.4993524253368377,0.0537799298763275,-0.0039033063221722,0.0496175847947597,0.0
64,0,0.0,0.4456449449062347,0.499123066663742,0.0534781217575073,-0.0039033063221722,0.0493391342461109,0.0
65,0,0.0,0.4463026225566864,0.4976595640182495,0.0513569414615631,-0.0039033063221722,0.0473821237683296,0.0
66,0,0.0,0.4468182623386383,0.4970588684082031,0.0502406060695648,-0.0039033063221722,0.0463521890342235,0.0
67,0,0.0,0.4473484754562378,0.3930256068706512,-0.0543228685855865,-0.0039033063221722,0.0,0.0088003361597657
68,0,0.0,0.4466008245944977,0.3921284079551697,-0.054472416639328,-0.0039033063221722,0.0,0.0088245635852217
69,0,0.0,0.4460813403129577,0.3877334594726562,-0.0583478808403015,-0.0039033063221722,0.0,0.0094523904845118
70,0,0.0,0.445453405380249,0.386523962020874,-0.058929443359375,-0.0039033063221722,0.0,0.0095466040074825
71,0,0.0,0.4448443055152893,0.2684742510318756,-0.1763700544834137,-0.0039033063221722,0.0,0.0285720508545637
72,0,0.0,0.4428528547286987,0.2678879797458648,-0.1749648749828338,-0.0039033063221722,0.0,0.0283444114029407
73,0,0.0,0.4410496354103088,0.2623918354511261,-0.1786577999591827,-0.0039033063221722,0.0,0.0289426669478416
74,0,0.0,0.4391198456287384,0.2627527713775635,-0.1763670742511749,-0.0039033063221722,0.0,0.02857156842947
75,0,0.0,0.437282532453537,0.1331381648778915,-0.3041443824768066,-0.0039033063221722,0.0,0.0492715686559677
76,0,0.0,0.4339557588100433,0.1356576383113861,-0.2982981204986572,-0.0039033063221722,0.0,0.0483244694769382
77,0,0.0,0.4307506382465362,0.1324904859066009,-0.2982601523399353,-0.0039033063221722,0.0,0.0483183190226554
78,0,0.0,0.4274578392505646,0.1373605132102966,-0.2900973260402679,-0.0039033063221722,0.0,0.0469959340989589
79,0,0.0,0.4244087636470794,0.0,-0.4244087636470794,-0.0039033063221722,0.0,0.0687544643878936
80,0,0.0,0.4198256433010101,0.0031494721770286,-0.4166761636734009,-0.0039033063221722,0.0,0.0675017833709716
81,0,0.0,0.4152139127254486,0.0024372525513172,-0.4127766489982605,-0.0039033063221722,0.0,0.0668700560927391
82,0,0.0,0.4105918407440185,0.012104544788599,-0.3984872996807098,-0.0039033063221722,0.0,0.064555175602436
83,0,0.0,0.4064036011695862,0.0233944468200206,-0.3830091655254364,-0.0039033063221722,0.0,0.0620477087795734
84,0,0.0,0.4024843871593475,0.0,-0.4024843871593475,-0.0039033063221722,0.0,0.0652027055621147
85,0,0.0,0.3984694480895996,0.0,-0.3984694480895996,-0.0039033063221722,0.0,0.0645522847771644
86,0,0.0,0.3939657807350158,0.0,-0.3939657807350158,-0.0039033063221722,0.0,0.0638226866722107
87,0,0.0,0.3895888328552246,0.0,-0.3895888328552246,-0.0039033063221722,0.0,0.0631136149168014
88,0,0.0,0.3855676054954529,0.0,-0.3855676054954529,-0.0039033063221722,0.0,0.0624621771275997
89,0,0.0,0.3809521198272705,0.0,-0.3809521198272705,-0.0039033063221722,0.0,0.0617144666612148
90,0,0.0,0.3765636384487152,0.0,-0.3765636384487152,-0.0039033063221722,0.0,0.061003528535366
91,0,0.0,0.3726012110710144,0.0,-0.3726012110710144,-0.0039033063221722,0.0,0.0603616125881671
92,0,0.0,0.3681747615337372,0.0,-0.3681747615337372,-0.0039033063221722,0.0,0.0596445240080356
93,0,0.0,0.3640505671501159,0.0,-0.3640505671501159,-0.0039033063221722,0.0,0.0589764043688774
94,0,0.0,0.3597775995731354,0.0,-0.3597775995731354,-0.0039033063221722,0.0,0.0582841821014881
95,0,0.0,0.3557901084423065,0.0160797908902168,-0.3397103250026703,-0.0039033063221722,0.0,0.0550332702696323
96,0,0.0,0.3524505198001861,0.0422124192118644,-0.3102380931377411,-0.0039033063221722,0.0,0.0502587519586086
97,0,0.0,0.3492282927036285,0.0958981141448021,-0.2533301711082458,-0.0039033063221722,0.0,0.0410396344959735
98,0,0.0,0.3468645513057709,0.1214346811175346,-0.2254298627376556,-0.0039033063221722,0.0,0.0365197695791721
99,0,0.0,0.3447488844394684,0.1464602649211883,-0.19828861951828,-0.0039033063221722,0.0,0.0321228727698326
100,0,0.0,0.3430587649345398,0.1744261085987091,-0.1686326563358307,-0.0039033063221722,0.0,0.027318587526679
101,0,0.0,0.3418157398700714,0.2024706602096557,-0.1393450796604156,-0.0039033063221722,0.0,0.0225739832967519
102,0,0.0,0.3408958911895752,0.4334310889244079,0.0925351977348327,-0.0039033063221722,0.0853733494877815,0.0
103,0,0.0,0.3431073427200317,0.4570844769477844,0.1139771342277526,-0.0039033063221722,0.1051557660102844,0.0
104,0,0.0,0.3449840247631073,0.4795556366443634,0.1345716118812561,-0.0039033063221722,0.1241563186049461,0.0
105,0,0.0,0.3471963107585907,0.5010989904403687,0.1539026796817779,-0.0039033063221722,0.1419912427663803,0.0
106,0,0.0,0.3495789468288421,0.520990788936615,0.1714118421077728,-0.0039033063221722,0.1581452637910843,0.0
107,0,0.0,0.3521161377429962,0.5443398356437683,0.1922236979007721,-0.0039033063221722,0.1773463636636734,0.0
108,0,0.0,0.3548586964607239,0.5587611794471741,0.2039024829864502,-0.0039033063221722,0.1881212592124939,0.0
109,0,0.0,0.3576491177082062,0.5712483525276184,0.2135992348194122,-0.0039033063221722,0.197067528963089,0.0
110,0,0.0,0.3604981005191803,0.5812925100326538,0.2207944095134735,-0.0039033063221722,0.2037058174610138,0.0
111,0,0.0,0.3633738160133362,0.5887388586997986,0.2253650426864624,-0.0039033063221722,0.2079227119684219,0.0
112,0,0.0,0.366251528263092,0.595023512840271,0.2287719845771789,-0.0039033063221722,0.2110659629106521,0.0
113,0,0.0,0.3691284358501434,0.5990792512893677,0.2299508154392242,-0.0039033063221722,0.2121535688638687,0.0
114,0,0.0,0.3719809055328369,0.601707398891449,0.229726493358612,-0.0039033063221722,0.2119466066360473,0.0
115,0,0.0,0.3748008608818054,0.598402202129364,0.2236013412475586,-0.0039033063221722,0.2062955051660537,0.0
116,0,0.0,0.3775098919868469,0.5956066250801086,0.2180967330932617,-0.0039033063221722,0.2012169361114502,0.0
117,0,0.0,0.3801406323909759,0.5924034714698792,0.2122628390789032,-0.0039033063221722,0.1958345621824264,0.0
118,0,0.0,0.382687509059906,0.5892457962036133,0.2065582871437072,-0.0039033063221722,0.190571516752243,0.0
119,0,0.0,0.3851566910743713,0.5861549377441406,0.2009982466697693,-0.0039033063221722,0.1854418069124221,0.0
120,0,0.0,0.387550801038742,0.5831657648086548,0.1956149637699127,-0.0039033063221722,0.1804751604795456,0.0
121,0,0.0,0.3898729979991913,0.5834300518035889,0.1935570538043975,-0.0039033063221722,0.1785765290260315,0.0
122,0,0.0,0.3921702802181244,0.5812615156173706,0.1890912353992462,-0.0039033063221722,0.1744563430547714,0.0
123,0,0.0,0.394399493932724,0.5793710947036743,0.1849716007709503,-0.0039033063221722,0.1706555485725402,0.0
124,0,0.0,0.3965734541416168,0.5776164531707764,0.1810429990291595,-0.0039033063221722,0.1670310050249099,0.0
125,0,0.0,0.3986918926239013,0.5810994505882263,0.1824075579643249,-0.0039033063221722,0.1682899594306945,0.0
126,0,0.0,0.4008290469646454,0.5801401138305664,0.179311066865921,-0.0039033063221722,0.1654331237077713,0.0
127,0,0.0,0.4029081761837005,0.5795251727104187,0.1766169965267181,-0.0039033063221722,0.1629475653171539,0.0
128,0,0.0,0.4049493372440338,0.578982949256897,0.1740336120128631,-0.0039033063221722,0.160564124584198,0.0
129,0,0.0,0.4069503843784332,0.5786160826683044,0.1716656982898712,-0.0039033063221722,0.1583794802427292,0.0
130,0,0.0,0.4089154899120331,0.5848186016082764,0.1759031116962433,-0.0039033063221722,0.1622889339923858,0.0
131,0,0.0,0.4109347462654114,0.5847488641738892,0.1738141179084777,-0.0039033063221722,0.1603616178035736,0.0
132,0,0.0,0.4129036366939544,0.5849215388298035,0.172017902135849,-0.0039033063221722,0.1587044149637222,0.0
133,0,0.0,0.4148470759391784,0.5851213335990906,0.1702742576599121,-0.0039033063221722,0.157095730304718,0.0
134,0,0.0,0.4167616367340088,0.5921139717102051,0.1753523349761963,-0.0039033063221722,0.1617807745933532,0.0
135,0,0.0,0.4187403321266174,0.5921159982681274,0.17337566614151,-0.0039033063221722,0.1599570959806442,0.0
136,0,0.0,0.4206693768501282,0.59171062707901,0.1710412502288818,-0.0039033063221722,0.1578033566474914,0.0
137,0,0.0,0.4225670993328094,0.591681718826294,0.1691146194934845,-0.0039033063221722,0.1560258418321609,0.0
138,0,0.0,0.4244362115859985,0.5982645153999329,0.1738283038139343,-0.0039033063221722,0.1603747010231018,0.0
139,0,0.0,0.4263646006584167,0.5985234975814819,0.1721588969230651,-0.0039033063221722,0.1588345021009445,0.0
140,0,0.0,0.4282495081424713,0.5988115072250366,0.1705619990825653,-0.0039033063221722,0.1573611944913864,0.0
141,0,0.0,0.4301128983497619,0.599414587020874,0.169301688671112,-0.0039033063221722,0.1561984270811081,0.0
142,0,0.0,0.4319558143615722,0.6060435771942139,0.1740877628326416,-0.0039033063221722,0.1606140881776809,0.0
143,0,0.0,0.4338566660881042,0.6067482233047485,0.1728915572166443,-0.0039033063221722,0.159510463476181,0.0
144,0,0.0,0.4357212483882904,0.6074174642562866,0.1716962158679962,-0.0039033063221722,0.1584076285362243,0.0
145,0,0.0,0.4375688135623932,0.6083157062530518,0.1707468926906585,-0.0039033063221722,0.1575317829847335,0.0
146,0,0.0,0.4393993020057678,0.6145616769790649,0.1751623749732971,-0.0039033063221722,0.1616055220365524,0.0
147,0,0.0,0.4412815868854522,0.615409791469574,0.1741282045841217,-0.0039033063221722,0.1606513857841491,0.0
148,0,0.0,0.4431313872337341,0.6161661744117737,0.1730347871780395,-0.0039033063221722,0.159642606973648,0.0
149,0,0.0,0.4449650943279266,0.6170740127563477,0.172108918428421,-0.0039033063221722,0.1587883979082107,0.0
150,0,0.0,0.4467821717262268,0.6227335333824158,0.1759513616561889,-0.0039033063221722,0.1623334437608719,0.0
151,0,0.0,0.4486428201198578,0.623507022857666,0.1748642027378082,-0.0039033063221722,0.1613304316997528,0.0
152,0,0.0,0.4504725039005279,0.6241551041603088,0.1736826002597808,-0.0039033063221722,0.1602402776479721,0.0
153,0,0.0,0.4522851705551147,0.6249054074287415,0.1726202368736267,-0.0039033063221722,0.1592601388692855,0.0
154,0,0.0,0.4540801048278808,0.6299667954444885,0.1758866906166076,-0.0039033063221722,0.1622737795114517,0.0
155,0,0.0,0.4559111893177032,0.6305627822875977,0.1746515929698944,-0.0039033063221722,0.161134272813797,0.0
156,0,0.0,0.4577115774154663,0.6310250759124756,0.1733134984970092,-0.0039033063221722,0.1598997414112091,0.0
157,0,0.0,0.4594936966896057,0.6315699815750122,0.1720762848854065,-0.0039033063221722,0.158758282661438,0.0
158,0,0.0,0.4612566530704498,0.6361359357833862,0.1748792827129364,-0.0039033063221722,0.1613443344831466,0.0
159,0,0.0,0.4630502164363861,0.6365501880645752,0.1734999716281891,-0.0039033063221722,0.160071775317192,0.0
160,0,0.0,0.4648132026195526,0.6368409395217896,0.1720277369022369,-0.0039033063221722,0.1587134897708892,0.0
161,0,0.0,0.4665567576885223,0.637216329574585,0.1706595718860626,-0.0039033063221722,0.1574512124061584,0.0
162,0,0.0,0.4682805240154266,0.6414245367050171,0.1731440126895904,-0.0039033063221722,0.1597433686256408,0.0
163,0,0.0,0.4700311422348022,0.6417107582092285,0.1716796159744262,-0.0039033063221722,0.1583923101425171,0.0
164,0,0.0,0.4717516601085663,0.6418920159339905,0.1701403558254242,-0.0039033063221722,0.1569721847772598,0.0
165,0,0.0,0.4734526872634887,0.6459073424339294,0.1724546551704406,-0.0039033063221722,0.1591073721647262,0.0
166,0,0.0,0.4751784205436706,0.6461135745048523,0.1709351539611816,-0.0039033063221722,0.157705470919609,0.0
167,0,0.0,0.47687429189682,0.6462560892105103,0.1693817973136901,-0.0039033063221722,0.1562723368406295,0.0
168,0,0.0,0.4785508513450622,0.6465087532997131,0.1679579019546508,-0.0039033063221722,0.1549586504697799,0.0
169,0,0.0,0.4802080392837524,0.6503415107727051,0.1701334714889526,-0.0039033063221722,0.1569658368825912,0.0
170,0,0.0,0.4818882942199707,0.6505770683288574,0.1686887741088867,-0.0039033063221722,0.1556329578161239,0.0
171,0,0.0,0.4835405647754669,0.6507415771484375,0.1672010123729705,-0.0039033063221722,0.1542603373527526,0.0
172,0,0.0,0.4851747453212738,0.6510229706764221,0.1658482253551483,-0.0039033063221722,0.1530122458934784,0.0
173,0,0.0,0.4867904782295227,0.6547000408172607,0.167909562587738,-0.0039033063221722,0.1549140512943267,0.0
174,0,0.0,0.4884281456470489,0.6549625992774963,0.1665344536304474,-0.0039033063221722,0.1536453664302826,0.0
175,0,0.0,0.4900392889976501,0.6551575064659119,0.1651182174682617,-0.0039033063221722,0.1523387432098388,0.0
176,0,0.0,0.4916333854198456,0.6587033867835999,0.1670700013637542,-0.0039033063221722,0.1541394591331482,0.0
177,0,0.0,0.4932477474212646,0.6589511036872864,0.1657033562660217,-0.0039033063221722,0.1528785973787307,0.0
178,0,0.0,0.4948365092277527,0.6591567397117615,0.1643202304840088,-0.0039033063221722,0.1516025215387344,0.0
179,0,0.0,0.4964087307453155,0.6594721078872681,0.1630633771419525,-0.0039033063221722,0.1504429429769516,0.0
180,0,0.0,0.4979644417762756,0.662840723991394,0.1648762822151184,-0.0039033063221722,0.1521155387163162,0.0
181,0,0.0,0.4995386600494385,0.6631382703781128,0.1635996103286743,-0.0039033063221722,0.1509376615285873,0.0
182,0,0.0,0.5010891556739807,0.6633734703063965,0.1622843146324157,-0.0039033063221722,0.1497241705656051,0.0
183,0,0.0,0.5026241540908813,0.6665927767753601,0.1639686226844787,-0.0039033063221722,0.1512781232595443,0.0
184,0,0.0,0.5041760206222534,0.6668657660484314,0.1626897454261779,-0.0039033063221722,0.1500982195138931,0.0
185,0,0.0,0.5057048797607422,0.6670960783958435,0.1613911986351013,-0.0039033063221722,0.1489001810550689,0.0
186,0,0.0,0.5072184801101685,0.6674204468727112,0.1602019667625427,-0.0039033063221722,0.1478029936552047,0.0
187,0,0.0,0.5087167620658875,0.670440137386322,0.1617233753204345,-0.0039033063221722,0.1492066532373428,0.0
188,0,0.0,0.5102301836013794,0.6707339882850647,0.1605038046836853,-0.0039033063221722,0.1480814665555954,0.0
189,0,0.0,0.511722207069397,0.6709646582603455,0.1592424511909485,-0.0039033063221722,0.1469177305698394,0.0
190,0,0.0,0.5131993293762207,0.6738283038139343,0.1606289744377136,-0.0039033063221722,0.1481969505548477,0.0
191,0,0.0,0.5146902203559875,0.674081563949585,0.1593913435935974,-0.0039033063221722,0.1470551043748855,0.0
192,0,0.0,0.5161597728729248,0.6742905378341675,0.1581307649612426,-0.0039033063221722,0.1458920836448669,0.0
193,0,0.0,0.517615020275116,0.6745792031288147,0.1569641828536987,-0.0039033063221722,0.1448158025741577,0.0
194,0,0.0,0.5190556645393372,0.6772509217262268,0.1581952571868896,-0.0039033063221722,0.1459515839815139,0.0
195,0,0.0,0.5205084085464478,0.6775057315826416,0.1569973230361938,-0.0039033063221722,0.1448463648557663,0.0
196,0,0.0,0.5219410061836243,0.6777008771896362,0.1557598710060119,-0.0039033063221722,0.1437046974897384,0.0
197,0,0.0,0.5233597755432129,0.6802342534065247,0.1568744778633117,-0.0039033063221722,0.1447330266237259,0.0
198,0,0.0,0.5247891545295715,0.6804482340812683,0.1556590795516967,-0.0039033063221722,0.1436116993427276,0.0
199,0,0.0,0.5261988043785095,0.6806212663650513,0.1544224619865417,-0.0039033063221722,0.1424707919359207,0.0
200,0,0.0,0.527594804763794,0.6830225586891174,0.1554277539253235,-0.0039033063221722,0.1433982849121093,0.0
201,0,0.0,0.5290002226829529,0.6832217574119568,0.1542215347290039,-0.0039033063221722,0.1422854214906692,0.0
202,0,0.0,0.5303866863250732,0.683384895324707,0.1529982089996338,-0.0039033063221722,0.1411567777395248,0.0
203,0,0.0,0.53175950050354,0.6836210489273071,0.1518615484237671,-0.0039033063221722,0.1401080787181854,0.0
204,0,0.0,0.5331190228462219,0.6858791708946228,0.1527601480484008,-0.0039033063221722,0.1409371346235275,0.0
205,0,0.0,0.5344870090484619,0.686093270778656,0.1516062617301941,-0.0039033063221722,0.1398725509643554,0.0
206,0,0.0,0.5358370542526245,0.6862581968307495,0.150421142578125,-0.0039033063221722,0.1387791633605957,0.0
207,0,0.0,0.5371741056442261,0.6884059309959412,0.1512318253517151,-0.0039033063221722,0.1395270973443985,0.0
208,0,0.0,0.5385187864303589,0.688591718673706,0.1500729322433471,-0.0039033063221722,0.1384578943252563,0.0
209,0,0.0,0.5398458242416382,0.6887440085411072,0.148898184299469,-0.0039033063221722,0.137374073266983,0.0
210,0,0.0,0.5411602854728699,0.6907816529273987,0.1496213674545288,-0.0039033063221722,0.1380412876605987,0.0
211,0,0.0,0.5424813032150269,0.6909586787223816,0.1484773755073547,-0.0039033063221722,0.1369858384132385,0.0
212,0,0.0,0.5437853932380676,0.6911055445671082,0.1473201513290405,-0.0039033063221722,0.1359181702136993,0.0
213,0,0.0,0.5450772643089294,0.6930440664291382,0.1479668021202087,-0.0039033063221722,0.1365147829055786,0.0
214,0,0.0,0.5463747382164001,0.6932181119918823,0.1468433737754821,-0.0039033063221722,0.1354783028364181,0.0
215,0,0.0,0.5476561188697815,0.6933645009994507,0.1457083821296692,-0.0039033063221722,0.1344311535358429,0.0
216,0,0.0,0.5489252805709839,0.6935727000236511,0.1446474194526672,-0.0039033063221722,0.133452296257019,0.0
217,0,0.0,0.5501826405525208,0.6953920125961304,0.1452093720436096,-0.0039033063221722,0.1339707523584365,0.0
218,0,0.0,0.551444947719574,0.6955809593200684,0.1441360116004943,-0.0039033063221722,0.132980465888977,0.0
219,0,0.0,0.5526920557022095,0.6957287788391113,0.1430367231369018,-0.0039033063221722,0.1319662630558014,0.0
220,0,0.0,0.5539274215698242,0.6974515914916992,0.143524169921875,-0.0039033063221722,0.1324159801006317,0.0
221,0,0.0,0.5551672577857971,0.6976134181022644,0.1424461603164672,-0.0039033063221722,0.1314214020967483,0.0
222,0,0.0,0.5563919544219971,0.697746217250824,0.1413542628288269,-0.0039033063221722,0.1304140239953994,0.0
223,0,0.0,0.5576053261756897,0.6993735432624817,0.141768217086792,-0.0039033063221722,0.1307959407567978,0.0
224,0,0.0,0.5588222742080688,0.699522852897644,0.1407005786895752,-0.0039033063221722,0.1298109292984008,0.0
225,0,0.0,0.560024619102478,0.69964599609375,0.1396213769912719,-0.0039033063221722,0.1288152486085891,0.0
226,0,0.0,0.561215877532959,0.7011890411376953,0.1399731636047363,-0.0039033063221722,0.1291398108005523,0.0
227,0,0.0,0.5624101758003235,0.701331615447998,0.1389214396476745,-0.0039033063221722,0.1281694918870926,0.0
228,0,0.0,0.5635902881622314,0.7014503479003906,0.1378600597381591,-0.0039033063221722,0.1271902471780777,0.0
229,0,0.0,0.5647596120834351,0.702915370464325,0.1381557583808899,-0.0039033063221722,0.1274630725383758,0.0
230,0,0.0,0.5659314393997192,0.7030541300773621,0.1371226906776428,-0.0039033063221722,0.1265099495649337,0.0
231,0,0.0,0.5670894980430603,0.7031709551811218,0.1360814571380615,-0.0039033063221722,0.1255493015050888,0.0
232,0,0.0,0.5682371854782104,0.7045608758926392,0.1363236904144287,-0.0039033063221722,0.1257727891206741,0.0
233,0,0.0,0.5693867206573486,0.7046968340873718,0.1353101134300232,-0.0039033063221722,0.1248376667499542,0.0
234,0,0.0,0.5705231428146362,0.7048116326332092,0.134288489818573,-0.0039033063221722,0.1238951086997985,0.0
235,0,0.0,0.5716492533683777,0.7061280012130737,0.134478747844696,-0.0039033063221722,0.1240706443786621,0.0
236,0,0.0,0.5727769136428833,0.7062599658966064,0.1334830522537231,-0.0039033063221722,0.1231520101428031,0.0
237,0,0.0,0.573891818523407,0.7063713669776917,0.1324795484542846,-0.0039033063221722,0.122226171195507,0.0
238,0,0.0,0.5749967694282532,0.7076159715652466,0.1326192021369934,-0.0039033063221722,0.1223550140857696,0.0
239,0,0.0,0.5761027932167053,0.7077425122261047,0.1316397190093994,-0.0039033063221722,0.1214513406157493,0.0
240,0,0.0,0.5771963000297546,0.7078490257263184,0.1306527256965637,-0.0039033063221722,0.1205407381057739,0.0
241,0,0.0,0.5782801508903503,0.7090237736701965,0.1307436227798462,-0.0039033063221722,0.1206246018409729,0.0
242,0,0.0,0.5793646574020386,0.7091435790061951,0.1297789216041565,-0.0039033063221722,0.1197345629334449,0.0
243,0,0.0,0.580437183380127,0.7092435956001282,0.1288064122200012,-0.0039033063221722,0.1188373193144798,0.0
244,0,0.0,0.5815001726150513,0.7103514075279236,0.1288512349128723,-0.0039033063221722,0.1188786774873733,0.0
245,0,0.0,0.5825634002685547,0.7104635238647461,0.1279001235961914,-0.0039033063221722,0.11800117790699,0.0
246,0,0.0,0.5836149454116821,0.7105565071105957,0.1269415616989135,-0.0039033063221722,0.1171168014407157,0.0
247,0,0.0,0.5846572518348694,0.711601197719574,0.1269439458847046,-0.0039033063221722,0.1171189993619918,0.0
248,0,0.0,0.5856994390487671,0.7117054462432861,0.126006007194519,-0.0039033063221722,0.1162536591291427,0.0
249,0,0.0,0.5867302417755127,0.7117916345596313,0.1250613927841186,-0.0039033063221722,0.1153821498155593,0.0
250,0,0.0,0.587752103805542,0.7127774357795715,0.1250253319740295,-0.0039033063221722,0.1153488829731941,0.0
251,0,0.0,0.588773250579834,0.7128744721412659,0.1241012215614318,-0.0039033063221722,0.1144962906837463,0.0
252,0,0.0,0.5897836089134216,0.7129544019699097,0.123170793056488,-0.0039033063221722,0.1136378794908523,0.0
253,0,0.0,0.5907851457595825,0.7138856053352356,0.123100459575653,-0.0039033063221722,0.1135729849338531,0.0
254,0,0.0,0.5917858481407166,0.7139763236045837,0.1221904754638671,-0.0039033063221722,0.1127334311604499,0.0
255,0,0.0,0.5927759408950806,0.7140510678291321,0.1212751269340515,-0.0039033063221722,0.1118889302015304,0.0
256,0,0.0,0.5937573313713074,0.7149314880371094,0.121174156665802,-0.0039033063221722,0.1117957681417465,0.0
257,0,0.0,0.594737708568573,0.7150172591209412,0.1202795505523681,-0.0039033063221722,0.1109704077243805,0.0
258,0,0.0,0.5957078337669373,0.7150876522064209,0.1193798184394836,-0.0039033063221722,0.1101403087377548,0.0
259,0,0.0,0.5966695547103882,0.48768150806427,-0.1089880466461181,-0.0039033063221722,0.0,0.0176561269909143
260,0,0.0,0.595194935798645,0.4873567223548889,-0.1078382134437561,-0.0039033063221722,0.0,0.0174698531627655
261,0,0.0,0.5942135453224182,0.4859503507614136,-0.1082631945610046,-0.0039033063221722,0.0,0.0175387002527713
262,0,0.0,0.5931277275085449,0.3831766843795776,-0.2099510431289672,-0.0039033063221722,0.0,0.0340121909976005
263,0,0.0,0.5908635854721069,0.3822246789932251,-0.2086389064788818,-0.0039033063221722,0.0,0.0337996259331703
264,0,0.0,0.588820219039917,0.377584844827652,-0.211235374212265,-0.0039033063221722,0.0,0.0342202521860599
265,0,0.0,0.5866789221763611,0.2637004852294922,-0.3229784369468689,-0.0039033063221722,0.0,0.0523226931691169
266,0,0.0,0.5832468867301941,0.2640345990657806,-0.3192122876644134,-0.0039033063221722,0.0,0.0517125762999057
267,0,0.0,0.5799878239631653,0.2595188021659851,-0.3204690217971802,-0.0039033063221722,0.0,0.051916167140007
268,0,0.0,0.5766165852546692,0.1462039649486541,-0.430412620306015,-0.0039033063221722,0.0,0.0697270929813385
269,0,0.0,0.5720304250717163,0.1473376303911209,-0.4246928095817566,-0.0039033063221722,0.0,0.0688004791736602
270,0,0.0,0.5674570202827454,0.1430485397577285,-0.424408495426178,-0.0039033063221722,0.0,0.0687544196844101
271,0,0.0,0.5628033876419067,0.0457875058054924,-0.5170158743858337,-0.0039033063221722,0.0,0.0837568715214729
272,0,0.0,0.5572612881660461,0.0509578175842762,-0.5063034892082214,-0.0039033063221722,0.0,0.0820214599370956
273,0,0.0,0.5515939593315125,0.0509596392512321,-0.5006343126296997,-0.0039033063221722,0.0,0.0811030492186546
274,0,0.0,0.5459715723991394,0.0637285709381103,-0.482243001461029,-0.0039033063221722,0.0,0.0781236439943313
275,0,0.0,0.5408912897109985,0.0047878846526145,-0.5361034274101257,-0.0039033063221722,0.0,0.0868490636348724
276,0,0.0,0.5353418588638306,0.0241708047688007,-0.5111710429191589,-0.0039033063221722,0.0,0.0828100070357322
277,0,0.0,0.5297561287879944,0.0,-0.5297561287879944,-0.0039033063221722,0.0,0.0858208015561103
278,0,0.0,0.5239262580871582,0.012166142463684,-0.5117601156234741,-0.0039033063221722,0.0,0.0829054340720176
279,0,0.0,0.5185286402702332,0.027474395930767,-0.4910542368888855,-0.0039033063221722,0.0,0.0795510709285736
280,0,0.0,0.513024628162384,0.0237831026315689,-0.4892415404319763,-0.0039033063221722,0.0,0.0792574137449264
281,0,0.0,0.507498562335968,0.0519071221351623,-0.4555914402008056,-0.0039033063221722,0.0,0.0738060772418975
282,0,0.0,0.5026836395263672,0.0667494386434555,-0.4359341859817505,-0.0039033063221722,0.0,0.0706215947866439
283,0,0.0,0.4977849125862121,0.0956519991159439,-0.4021329283714294,-0.0039033063221722,0.0,0.065145768225193
284,0,0.0,0.4935134053230285,0.1352916955947876,-0.3582217097282409,-0.0039033063221722,0.0,0.0580321252346038
285,0,0.0,0.4898518323898315,0.1651736348867416,-0.3246781826019287,-0.0039033063221722,0.0,0.0525980554521083
286,0,0.0,0.4866084158420563,0.1945734769105911,-0.2920349240303039,-0.0039033063221722,0.0,0.0473098270595073
287,0,0.0,0.483862042427063,0.2408450990915298,-0.2430169433355331,-0.0039033063221722,0.0,0.039368886500597
288,0,0.0,0.4818276166915893,0.270137220621109,-0.2116903960704803,-0.0039033063221722,0.0,0.0342939682304859
289,0,0.0,0.480026364326477,0.2986362874507904,-0.1813900768756866,-0.0039033063221722,0.0,0.0293852984905242
290,0,0.0,0.4785706698894501,0.3274185955524444,-0.1511520743370056,-0.0039033063221722,0.0,0.0244867242872715
291,0,0.0,0.4774143993854522,0.5440297722816467,0.0666153728961944,-0.0039033063221722,0.0614596158266067,0.0
292,0,0.0,0.478739470243454,0.5664718747138977,0.0877324044704437,-0.0039033063221722,0.0809422731399536,0.0
293,0,0.0,0.4797505438327789,0.5863706469535828,0.1066201031208038,-0.0039033063221722,0.0983681455254554,0.0
294,0,0.0,0.4809816777706146,0.6046732068061829,0.1236915290355682,-0.0039033063221722,0.1141183078289032,0.0
295,0,0.0,0.4823118150234222,0.6178797483444214,0.1355679333209991,-0.0039033063221722,0.1250755339860916,0.0
296,0,0.0,0.483705461025238,0.6239616870880127,0.1402562260627746,-0.0039033063221722,0.1294009685516357,0.0
297,0,0.0,0.4850977063179016,0.624729335308075,0.1396316289901733,-0.0039033063221722,0.1288247108459472,0.0
298,0,0.0,0.4864499568939209,0.6272526383399963,0.1408026814460754,-0.0039033063221722,0.1299051344394683,0.0
299,0,0.0,0.4878021478652954,0.6306430697441101,0.1428409218788147,-0.0039033063221722,0.1317856162786483,0.0
300,0,0.0,0.4891657829284668,0.6298957467079163,0.1407299637794494,-0.0039033063221722,0.1298380345106125,0.0
301,0,0.0,0.490496963262558,0.6298075318336487,0.1393105685710907,-0.0039033063221722,0.1285285055637359,0.0
302,0,0.0,0.4918163120746612,0.6315005421638489,0.1396842300891876,-0.0039033063221722,0.1288732439279556,0.0
303,0,0.0,0.4931431114673614,0.6282263398170471,0.1350832283496856,-0.0039033063221722,0.124628335237503,0.0
304,0,0.0,0.4944178462028503,0.6244525909423828,0.1300347447395324,-0.0039033063221722,0.1199705898761749,0.0
305,0,0.0,0.495648056268692,0.6224266886711121,0.12677863240242,-0.0039033063221722,0.1169664859771728,0.0
306,0,0.0,0.4968528747558594,0.6196021437644958,0.1227492690086364,-0.0039033063221722,0.1132489740848541,0.0
307,0,0.0,0.4980196058750152,0.6171040534973145,0.1190844476222992,-0.0039033063221722,0.1098677963018417,0.0
308,0,0.0,0.4991532266139984,0.6148560643196106,0.1157028377056121,-0.0039033063221722,0.1067479103803634,0.0
309,0,0.0,0.5002546906471252,0.6169418096542358,0.1166871190071106,-0.0039033063221722,0.1076560094952583,0.0
310,0,0.0,0.5013722777366638,0.6158161759376526,0.1144438982009887,-0.0039033063221722,0.1055864095687866,0.0
311,0,0.0,0.5024592876434326,0.6151682734489441,0.1127089858055114,-0.0039033063221722,0.103985771536827,0.0
312,0,0.0,0.5035292506217957,0.6199154257774353,0.1163861751556396,-0.0039033063221722,0.1073783636093139,0.0
313,0,0.0,0.5046401619911194,0.6199982166290283,0.1153580546379089,-0.0039033063221722,0.1064298152923584,0.0
314,0,0.0,0.505727231502533,0.6201234459877014,0.1143962144851684,-0.0039033063221722,0.1055424138903617,0.0
315,0,0.0,0.5068036317825317,0.620437741279602,0.1136341094970703,-0.0039033063221722,0.1048392951488494,0.0
316,0,0.0,0.50786954164505,0.6266621947288513,0.1187926530838012,-0.0039033063221722,0.109598584473133,0.0
317,0,0.0,0.5089919567108154,0.6266692876815796,0.1176773309707641,-0.0039033063221722,0.1085695847868919,0.0
318,0,0.0,0.5100868940353394,0.6260888576507568,0.1160019636154174,-0.0039033063221722,0.1070238873362541,0.0
319,0,0.0,0.51116544008255,0.6314875483512878,0.1203221082687377,-0.0039033063221722,0.1110096648335456,0.0
320,0,0.0,0.5122930407524109,0.631733775138855,0.119440734386444,-0.0039033063221722,0.1101965084671974,0.0
321,0,0.0,0.5133983492851257,0.6322116851806641,0.1188133358955383,-0.0039033063221722,0.1096176654100418,0.0
322,0,0.0,0.5144988298416138,0.6331435441970825,0.1186447143554687,-0.0039033063221722,0.109462097287178,0.0
323,0,0.0,0.5155964493751526,0.6389531493186951,0.1233566999435424,-0.0039033063221722,0.1138093918561935,0.0
324,0,0.0,0.5167449116706848,0.6401053071022034,0.1233603954315185,-0.0039033063221722,0.1138128042221069,0.0
325,0,0.0,0.5178806185722351,0.641274094581604,0.1233934760093689,-0.0039033063221722,0.1138433218002319,0.0
326,0,0.0,0.5190165042877197,0.6466932892799377,0.127676784992218,-0.0039033063221722,0.1177951246500015,0.0
327,0,0.0,0.5201972126960754,0.647917628288269,0.1277204155921936,-0.0039033063221722,0.1178353801369667,0.0
328,0,0.0,0.5213663578033447,0.6490857601165771,0.1277194023132324,-0.0039033063221722,0.1178344413638114,0.0
329,0,0.0,0.5225347876548767,0.653862476348877,0.1313276886940002,-0.0039033063221722,0.1211634650826454,0.0
330,0,0.0,0.5237399935722351,0.6549391746520996,0.1311991810798645,-0.0039033063221722,0.1210449039936065,0.0
331,0,0.0,0.5249332189559937,0.6559065580368042,0.1309733390808105,-0.0039033063221722,0.120836541056633,0.0
332,0,0.0,0.5261231660842896,0.6569234132766724,0.1308002471923828,-0.0039033063221722,0.1206768453121185,0.0
333,0,0.0,0.5273087620735168,0.6608632206916809,0.133554458618164,-0.0039033063221722,0.1232178881764411,0.0
334,0,0.0,0.5285221338272095,0.6616355776786804,0.1331134438514709,-0.0039033063221722,0.1228110045194625,0.0
335,0,0.0,0.5297218561172485,0.6622520685195923,0.1325302124023437,-0.0039033063221722,0.1222729161381721,0.0
336,0,0.0,0.5309147834777832,0.6656488180160522,0.134734034538269,-0.0039033063221722,0.124306172132492,0.0
337,0,0.0,0.5321297645568848,0.6661227345466614,0.1339929699897766,-0.0039033063221722,0.1236224621534347,0.0
338,0,0.0,0.5333291292190552,0.6664745807647705,0.1331454515457153,-0.0039033063221722,0.1228405386209487,0.0
339,0,0.0,0.5345194339752197,0.6694857478141785,0.1349663138389587,-0.0039033063221722,0.1245204731822013,0.0
340,0,0.0,0.5357280373573303,0.6697596907615662,0.1340316534042358,-0.0039033063221722,0.123658150434494,0.0
341,0,0.0,0.5369199514389038,0.6699399948120117,0.1330200433731079,-0.0039033063221722,0.1227248385548591,0.0
342,0,0.0,0.5381014347076416,0.6727160215377808,0.1346145868301391,-0.0039033063221722,0.1241959705948829,0.0
343,0,0.0,0.539298951625824,0.6728811860084534,0.1335822343826294,-0.0039033063221722,0.1232435181736946,0.0
344,0,0.0,0.5404792428016663,0.6729798316955566,0.1325005888938903,-0.0039033063221722,0.1222455874085426,0.0
345,0,0.0,0.5416487455368042,0.6731505393981934,0.1315017938613891,-0.0039033063221722,0.1213240921497345,0.0
346,0,0.0,0.54280686378479,0.6757673621177673,0.1329604983329773,-0.0039033063221722,0.1226698979735374,0.0
347,0,0.0,0.5439799427986145,0.6759127974510193,0.1319328546524047,-0.0039033063221722,0.1217217892408371,0.0
348,0,0.0,0.5451363921165466,0.6759980320930481,0.1308616399765014,-0.0039033063221722,0.1207334846258163,0.0
349,0,0.0,0.5462820529937744,0.6785339713096619,0.1322519183158874,-0.0039033063221722,0.1220161616802215,0.0
350,0,0.0,0.5474417805671692,0.6786683797836304,0.1312265992164611,-0.0039033063221722,0.1210701987147331,0.0
351,0,0.0,0.5485852360725403,0.6787674427032471,0.1301822066307068,-0.0039033063221722,0.1201066374778747,0.0
352,0,0.0,0.5497183203697205,0.6812325119972229,0.1315141916275024,-0.0039033063221722,0.1213355287909507,0.0
353,0,0.0,0.5508647561073303,0.6813933849334717,0.1305286288261413,-0.0039033063221722,0.120426245033741,0.0
354,0,0.0,0.5519955158233643,0.6815258264541626,0.1295303106307983,-0.0039033063221722,0.1195051968097686,0.0
355,0,0.0,0.5531164407730103,0.6839187145233154,0.1308022737503051,-0.0039033063221722,0.1206787154078483,0.0
356,0,0.0,0.5542499423027039,0.6841121315956116,0.1298621892929077,-0.0039033063221722,0.1198113858699798,0.0
357,0,0.0,0.5553686618804932,0.684279203414917,0.1289105415344238,-0.0039033063221722,0.1189333945512771,0.0
358,0,0.0,0.556477963924408,0.6865835785865784,0.1301056146621704,-0.0039033063221722,0.1200359687209129,0.0
359,0,0.0,0.557598888874054,0.6868019104003906,0.1292030215263366,-0.0039033063221722,0.1192032322287559,0.0
360,0,0.0,0.5587056875228882,0.6869922280311584,0.1282865405082702,-0.0039033063221722,0.1183576881885528,0.0
361,0,0.0,0.5598034858703613,0.6872624158859253,0.1274589300155639,-0.0039033063221722,0.1175941303372383,0.0
362,0,0.0,0.5608922243118286,0.6894333362579346,0.1285411119461059,-0.0039033063221722,0.1185925528407096,0.0
363,0,0.0,0.5619913339614868,0.6896820068359375,0.1276906728744506,-0.0039033063221722,0.1178079396486282,0.0
364,0,0.0,0.5630773305892944,0.6898828148841858,0.1268054842948913,-0.0039033063221722,0.1169912591576576,0.0
365,0,0.0,0.5641546845436096,0.6919260025024414,0.1277713179588318,-0.0039033063221722,0.1178823411464691,0.0
366,0,0.0,0.5652410387992859,0.6921411752700806,0.1269001364707946,-0.0039033063221722,0.1170785874128341,0.0
367,0,0.0,0.5663145184516907,0.6923192739486694,0.1260047554969787,-0.0039033063221722,0.1162525042891502,0.0
368,0,0.0,0.5673791766166687,0.6942370533943176,0.1268578767776489,-0.0039033063221722,0.1170395985245704,0.0
369,0,0.0,0.568452000617981,0.694431483745575,0.125979483127594,-0.0039033063221722,0.1162291839718818,0.0
370,0,0.0,0.5695120096206665,0.6945917010307312,0.1250796914100647,-0.0039033063221722,0.115399032831192,0.0
371,0,0.0,0.5705633163452148,0.474709153175354,-0.0958541631698608,-0.0039033063221722,0.0,0.0155284302309155
372,0,0.0,0.5692259073257446,0.4743783473968506,-0.094847559928894,-0.0039033063221722,0.0,0.0153653603047132
373,0,0.0,0.5683709979057312,0.4734834730625152,-0.0948875248432159,-0.0039033063221722,0.0,0.0153718339279294
374,0,0.0,0.5674182772636414,0.3724401891231537,-0.1949780881404876,-0.0039033063221722,0.0,0.0315865650773048
375,0,0.0,0.5653046369552612,0.3713854253292084,-0.1939192116260528,-0.0039033063221722,0.0,0.0314150266349315
376,0,0.0,0.563406765460968,0.3667646646499634,-0.1966421008110046,-0.0039033063221722,0.0,0.0318561345338821
377,0,0.0,0.5614105463027954,0.2544098496437073,-0.3070006966590881,-0.0039033063221722,0.0,0.0497342906892299
378,0,0.0,0.5581358671188354,0.2543849945068359,-0.3037508726119995,-0.0039033063221722,0.0,0.0492078177630901
379,0,0.0,0.5550240278244019,0.2498260587453842,-0.3051979541778564,-0.0039033063221722,0.0,0.049442246556282
380,0,0.0,0.5517966747283936,0.1345651000738144,-0.4172315597534179,-0.0039033063221722,0.0,0.0675917565822601
381,0,0.0,0.5473175644874573,0.1400491744279861,-0.4072684049606323,-0.0039033063221722,0.0,0.0659777149558067
382,0,0.0,0.5428844690322876,0.1407036483287811,-0.4021808207035064,-0.0039033063221722,0.0,0.0651535242795944
383,0,0.0,0.538409948348999,0.1494603455066681,-0.3889496028423309,-0.0039033063221722,0.0,0.0630100592970848
384,0,0.0,0.5342678427696228,0.0222129300236701,-0.5120549201965332,-0.0039033063221722,0.0,0.0829531922936439
385,0,0.0,0.52875816822052,0.0308770537376403,-0.4978811144828796,-0.0039033063221722,0.0,0.0806570276618003
386,0,0.0,0.5231964588165283,0.032248917967081,-0.4909475445747375,-0.0039033063221722,0.0,0.0795337855815887
387,0,0.0,0.51767498254776,0.0,-0.51767498254776,-0.0039033063221722,0.0,0.0838636457920074
388,0,0.0,0.5121791362762451,0.0,-0.5121791362762451,-0.0039033063221722,0.0,0.0829733163118362
389,0,0.0,0.5066648125648499,0.0,-0.5066648125648499,-0.0039033063221722,0.0,0.082079991698265
390,0,0.0,0.5009626150131226,0.0,-0.5009626150131226,-0.0039033063221722,0.0,0.0811562314629554
391,0,0.0,0.4952268898487091,0.0,-0.4952268898487091,-0.0039033063221722,0.0,0.0802270472049713
392,0,0.0,0.4897734224796295,0.0,-0.4897734224796295,-0.0039033063221722,0.0,0.0793435797095298
393,0,0.0,0.4841752052307129,0.0,-0.4841752052307129,-0.0039033063221722,0.0,0.0784366652369499
394,0,0.0,0.4785296618938446,0.0,-0.4785296618938446,-0.0039033063221722,0.0,0.0775220841169357
395,0,0.0,0.4729836285114288,0.0,-0.4729836285114288,-0.0039033063221722,0.0,0.0766236260533332
396,0,0.0,0.4675328433513641,0.0,-0.4675328433513641,-0.0039033063221722,0.0,0.0757405906915664
397,0,0.0,0.4619484543800354,0.0,-0.4619484543800354,-0.0039033063221722,0.0,0.0748359188437461
398,0,0.0,0.4564597308635711,0.0,-0.4564597308635711,-0.0039033063221722,0.0,0.0739467442035675
399,0,0.0,0.4509192407131195,0.0,-0.4509192407131195,-0.0039033063221722,0.0,0.0730491802096366
400,0,0.0,0.4455450475215912,0.0,-0.4455450475215912,-0.0039033063221722,0.0,0.0721785575151443
401,0,0.0,0.4401409327983856,0.0,-0.4401409327983856,-0.0039033063221722,0.0,0.0713030844926834
402,0,0.0,0.4350281059741974,0.0,-0.4350281059741974,-0.0039033063221722,0.0,0.0704748034477233
403,0,0.0,0.4300573468208313,0.0241196863353252,-0.4059376716613769,-0.0039033063221722,0.0,0.0657621398568153
404,0,0.0,0.4255962073802948,0.0615539439022541,-0.3640422523021698,-0.0039033063221722,0.0,0.0589750558137893
405,0,0.0,0.4217623174190521,0.087710715830326,-0.3340516090393066,-0.0039033063221722,0.0,0.0541165545582771
406,0,0.0,0.4190648794174194,0.1253318190574646,-0.2937330603599548,-0.0039033063221722,0.0,0.0475849248468875
407,0,0.0,0.4165807366371155,0.1600677818059921,-0.2565129399299621,-0.0039033063221722,0.0,0.0415552444756031
408,0,0.0,0.4145663678646087,0.1973063051700592,-0.2172600626945495,-0.0039033063221722,0.0,0.0351962558925151
409,0,0.0,0.4130409061908722,0.213212788105011,-0.1998281180858612,-0.0039033063221722,0.0,0.0323722697794437
410,0,0.0,0.4115996658802032,0.2434211671352386,-0.1681784987449646,-0.0039033063221722,0.0,0.0272450149059295
411,0,0.0,0.4103372693061828,0.2678529322147369,-0.1424843370914459,-0.0039033063221722,0.0,0.0230825450271368
412,0,0.0,0.4092665612697601,0.2769018113613128,-0.1323647499084472,-0.0039033063221722,0.0,0.0214431658387184
413,0,0.0,0.4082308113574981,0.2963589429855346,-0.1118718683719635,-0.0039033063221722,0.0,0.0181233081966638
414,0,0.0,0.4073115885257721,0.311498075723648,-0.095813512802124,-0.0039033063221722,0.0,0.0155218448489904
415,0,0.0,0.4065045118331909,0.3259571194648742,-0.0805473923683166,-0.0039033063221722,0.0,0.013048724271357
416,0,0.0,0.4058164954185486,0.5109979510307312,0.1051814556121826,-0.0039033063221722,0.0970408394932746,0.0
417,0,0.0,0.4074865281581878,0.5202823281288147,0.1127957999706268,-0.0039033063221722,0.104065865278244,0.0
418,0,0.0,0.4087490439414978,0.5261953473091125,0.1174463033676147,-0.0039033063221722,0.1083564385771751,0.0
419,0,0.0,0.4101294875144958,0.5317328572273254,0.1216033697128295,-0.0039033063221722,0.112191766500473,0.0
420,0,0.0,0.4115240275859833,0.5262544751167297,0.1147304475307464,-0.0039033063221722,0.1058507785201072,0.0
421,0,0.0,0.4128051698207855,0.5295430421829224,0.1167378723621368,-0.0039033063221722,0.10770283639431,0.0
422,0,0.0,0.4141320586204529,0.530788242816925,0.1166561841964721,-0.0039033063221722,0.1076274737715721,0.0
423,0,0.0,0.4154458940029144,0.5298368334770203,0.1143909394741058,-0.0039033063221722,0.105537548661232,0.0
424,0,0.0,0.4167267978191376,0.5199014544487,0.1031746566295623,-0.0039033063221722,0.0951893627643585,0.0
425,0,0.0,0.4178599119186401,0.5185170769691467,0.1006571650505065,-0.0039033063221722,0.0928667113184928,0.0
426,0,0.0,0.418992668390274,0.518706738948822,0.0997140705585479,-0.0039033063221722,0.0919966101646423,0.0
427,0,0.0,0.4201116859912872,0.5182058811187744,0.0980941951274871,-0.0039033063221722,0.0905021056532859,0.0
428,0,0.0,0.4212077260017395,0.5135246515274048,0.0923169255256652,-0.0039033063221722,0.0851719751954078,0.0
429,0,0.0,0.4222278892993927,0.5131195187568665,0.0908916294574737,-0.0039033063221722,0.0838569849729538,0.0
430,0,0.0,0.4232421815395355,0.5143003463745117,0.0910581648349762,-0.0039033063221722,0.0840106382966041,0.0
431,0,0.0,0.424255222082138,0.513933002948761,0.0896777808666229,-0.0039033063221722,0.0827370882034301,0.0
432,0,0.0,0.4252463281154632,0.5113825798034668,0.0861362516880035,-0.0039033063221722,0.079469658434391,0.0
433,0,0.0,0.4261918663978576,0.5111631155014038,0.0849712491035461,-0.0039033063221722,0.0783948227763176,0.0
434,0,0.0,0.4271250367164612,0.5105341672897339,0.0834091305732727,-0.0039033063221722,0.0769536048173904,0.0
435,0,0.0,0.4280357360839844,0.5110889673233032,0.0830532312393188,-0.0039033063221722,0.0766252502799034,0.0
436,0,0.0,0.4289452135562897,0.5113637447357178,0.0824185311794281,-0.0039033063221722,0.0760396718978881,0.0
437,0,0.0,0.4298458695411682,0.5124028921127319,0.0825570225715637,-0.0039033063221722,0.0761674493551254,0.0
438,0,0.0,0.4307430982589721,0.5131133794784546,0.0823702812194824,-0.0039033063221722,0.0759951546788215,0.0
439,0,0.0,0.4316361248493194,0.5149971842765808,0.0833610594272613,-0.0039033063221722,0.0769092515110969,0.0
440,0,0.0,0.4325448274612427,0.3405281603336334,-0.0920166671276092,-0.0039033063221722,0.0,0.0149067537859082
441,0,0.0,0.431276798248291,0.3428686857223511,-0.0884081125259399,-0.0039033063221722,0.0,0.0143221653997898
442,0,0.0,0.4304838478565216,0.3454667925834656,-0.085017055273056,-0.0039033063221722,0.0,0.0137728126719594
443,0,0.0,0.4296393394470215,0.3482494056224823,-0.0813899338245391,-0.0039033063221722,0.0,0.0131852170452475
444,0,0.0,0.4288492500782013,0.3474377691745758,-0.0814114809036254,-0.0039033063221722,0.0,0.0131887076422572
445,0,0.0,0.4280489087104797,0.3476733863353729,-0.0803755223751068,-0.0039033063221722,0.0,0.0130208814516663
446,0,0.0,0.4272686839103699,0.3493798077106476,-0.0778888761997222,-0.0039033063221722,0.0,0.0126180434599518
447,0,0.0,0.4265088438987732,0.3502588868141174,-0.0762499570846557,-0.0039033063221722,0.0,0.0123525373637676
448,0,0.0,0.4257588684558868,0.3152649402618408,-0.110493928194046,-0.0039033063221722,0.0,0.0179000813513994
449,0,0.0,0.4246003031730652,0.3139466345310211,-0.110653668642044,-0.0039033063221722,0.0,0.0179259590804576
450,0,0.0,0.4235034883022308,0.3106867969036102,-0.1128166913986206,-0.0039033063221722,0.0,0.0182763691991567
451,0,0.0,0.4223540425300598,0.3101389408111572,-0.1122151017189025,-0.0039033063221722,0.0,0.0181789118796587
452,0,0.0,0.4212252199649811,0.2861354053020477,-0.1350898146629333,-0.0039033063221722,0.0,0.0218846276402473
453,0,0.0,0.4198278188705444,0.2875450551509857,-0.1322827637195587,-0.0039033063221722,0.0,0.0214298851788043
454,0,0.0,0.418472945690155,0.286946564912796,-0.131526380777359,-0.0039033063221722,0.0,0.0213073510676622
455,0,0.0,0.4171058237552643,0.289659172296524,-0.1274466514587402,-0.0039033063221722,0.0,0.0206464324146509
456,0,0.0,0.4158154726028442,0.2827760577201843,-0.1330394148826599,-0.0039033063221722,0.0,0.0215524621307849
457,0,0.0,0.414463609457016,0.2883804738521576,-0.1260831356048584,-0.0039033063221722,0.0,0.0204255413264036
458,0,0.0,0.4131411612033844,0.2917973697185516,-0.1213437914848327,-0.0039033063221722,0.0,0.019657764583826
459,0,0.0,0.4118633270263672,0.2986843287944793,-0.1131789982318878,-0.0039033063221722,0.0,0.0183350630104541
460,0,0.0,0.410721480846405,0.30581796169281,-0.1049035191535949,-0.0039033063221722,0.0,0.0169944316148757
461,0,0.0,0.4096813201904297,0.3222885131835937,-0.0873928070068359,-0.0039033063221722,0.0,0.0141576854512095
462,0,0.0,0.4088573753833771,0.3322169184684753,-0.0766404569149017,-0.0039033063221722,0.0,0.0124157983809709
463,0,0.0,0.4080372154712677,0.3392024338245392,-0.0688347816467285,-0.0039033063221722,0.0,0.0111512746661901
464,0,0.0,0.4073066115379333,0.3478226363658905,-0.0594839751720428,-0.0039033063221722,0.0,0.0096364384517073
465,0,0.0,0.4067204594612121,0.3562313318252563,-0.0504891276359558,-0.0039033063221722,0.0,0.0081792678683996
466,0,0.0,0.4062399566173553,0.3674379289150238,-0.0388020277023315,-0.0039033063221722,0.0,0.0062859510071575
467,0,0.0,0.405901551246643,0.3781163990497589,-0.0277851521968841,-0.0039033063221722,0.0,0.0045012109912931
468,0,0.0,0.4055899977684021,0.3860135078430176,-0.0195764899253845,-0.0039033063221722,0.0,0.003171402728185
469,0,0.0,0.4053684175014496,0.3963429033756256,-0.0090255141258239,-0.0039033063221722,0.0,0.0014621384907513
470,0,0.0,0.4052972495555877,0.4005923569202423,-0.0047048926353454,-0.0039033063221722,0.0,0.0007621953263878
471,0,0.0,0.4052686691284179,0.4114800989627838,0.0062114298343658,-0.0039033063221722,0.005730690434575,0.0
472,0,0.0,0.4053319692611694,0.4202127158641815,0.014880746603012,-0.0039033063221722,0.0137290377169847,0.0
473,0,0.0,0.4055030941963196,0.4304988086223602,0.0249957144260406,-0.0039033063221722,0.0230611488223075,0.0
474,0,0.0,0.4058271646499634,0.4402189254760742,0.0343917608261108,-0.0039033063221722,0.0317299775779247,0.0
475,0,0.0,0.4062667489051819,0.4453667104244232,0.0390999615192413,-0.0039033063221722,0.0360737852752208,0.0
476,0,0.0,0.4067592322826385,0.4550442993640899,0.0482850670814514,-0.0039033063221722,0.044548001140356,0.0
477,0,0.0,0.4073402881622314,0.4628149569034576,0.0554746687412261,-0.0039033063221722,0.0511811561882495,0.0
478,0,0.0,0.4080026745796203,0.471210777759552,0.0632081031799316,-0.0039033063221722,0.0583160556852817,0.0
479,0,0.0,0.4087676405906677,0.6603564620018005,0.2515888214111328,-0.0039033063221722,0.2321168780326843,0.0
480,0,0.0,0.4110125601291656,0.6682295799255371,0.2572170197963714,-0.0039033063221722,0.2373094707727432,0.0
481,0,0.0,0.4141080379486084,0.6745108962059021,0.2604028582572937,-0.0039033063221722,0.2402487397193908,0.0
482,0,0.0,0.417040079832077,0.6810768842697144,0.2640368044376373,-0.0039033063221722,0.2436014413833618,0.0
483,0,0.0,0.4200250506401062,0.6840258240699768,0.2640007734298706,-0.0039033063221722,0.2435681968927383,0.0
484,0,0.0,0.4229692220687866,0.6899572014808655,0.2669879794120788,-0.0039033063221722,0.2463241964578628,0.0
485,0,0.0,0.4259249269962311,0.693950355052948,0.2680254280567169,-0.0039033063221722,0.2472813576459884,0.0
486,0,0.0,0.4288647770881653,0.6978077292442322,0.2689429521560669,-0.0039033063221722,0.2481278628110885,0.0
487,0,0.0,0.4317976236343384,0.6962584257125854,0.264460802078247,-0.0039033063221722,0.2439926117658615,0.0
488,0,0.0,0.4346500933170318,0.6992635726928711,0.2646134793758392,-0.0039033063221722,0.2441334724426269,0.0
489,0,0.0,0.4374944567680359,0.7015907168388367,0.2640962600708008,-0.0039033063221722,0.2436562925577163,0.0
490,0,0.0,0.4403122663497925,0.7042191624641418,0.2639068961143493,-0.0039033063221722,0.2434815764427185,0.0
491,0,0.0,0.4431139230728149,0.7025724053382874,0.2594584822654724,-0.0039033063221722,0.2393774539232254,0.0
492,0,0.0,0.4458428621292114,0.7046567797660828,0.2588139176368713,-0.0039033063221722,0.2387827783823013,0.0
493,0,0.0,0.448557436466217,0.706203818321228,0.257646381855011,-0.0039033063221722,0.2377056032419204,0.0
494,0,0.0,0.4512421488761902,0.7079820036888123,0.256739854812622,-0.0039033063221722,0.2368692457675933,0.0
495,0,0.0,0.4539046585559845,0.7062740921974182,0.2523694336414337,-0.0039033063221722,0.2328370660543441,0.0
496,0,0.0,0.4565005600452423,0.7076791524887085,0.2511785924434662,-0.0039033063221722,0.2317383885383606,0.0
497,0,0.0,0.4590779542922973,0.708663821220398,0.2495858669281005,-0.0039033063221722,0.2302689403295517,0.0
498,0,0.0,0.4616236984729767,0.7099192142486572,0.2482955157756805,-0.0039033063221722,0.2290784567594528,0.0
499,0,0.0,0.4641452431678772,0.7082517743110657,0.2441065311431884,-0.0039033063221722,0.2252136766910553,0.0
500,0,0.0,0.466606080532074,0.7092111110687256,0.2426050305366516,-0.0039033063221722,0.2238283902406692,0.0
501,0,0.0,0.4690463244915008,0.709841787815094,0.2407954633235931,-0.0039033063221722,0.2221588790416717,0.0
502,0,0.0,0.4714551866054535,0.7107282280921936,0.2392730414867401,-0.0039033063221722,0.2207542806863784,0.0
503,0,0.0,0.4738390147686004,0.7091867923736572,0.2353477776050567,-0.0039033063221722,0.2171328216791153,0.0
504,0,0.0,0.4761683046817779,0.7099900841712952,0.2338217794895172,-0.0039033063221722,0.2157249301671981,0.0
505,0,0.0,0.4784776568412781,0.7104328274726868,0.2319551706314087,-0.0039033063221722,0.214002788066864,0.0
506,0,0.0,0.4807569980621338,0.7111260890960693,0.2303690910339355,-0.0039033063221722,0.2125394642353058,0.0
507,0,0.0,0.4830120801925659,0.709655225276947,0.2266431450843811,-0.0039033063221722,0.2091018855571746,0.0
508,0,0.0,0.485217273235321,0.7103542685508728,0.2251369953155517,-0.0039033063221722,0.2077123075723648,0.0
509,0,0.0,0.4874036312103271,0.7108485698699951,0.2234449386596679,-0.0039033063221722,0.2061512172222137,0.0
510,0,0.0,0.4895635545253753,0.7094762921333313,0.2199127376079559,-0.0039033063221722,0.202892392873764,0.0
511,0,0.0,0.4916777610778808,0.710069477558136,0.2183917164802551,-0.0039033063221722,0.2014890909194946,0.0
512,0,0.0,0.4937734305858612,0.7105398774147034,0.2167664468288421,-0.0039033063221722,0.1999896019697189,0.0
513,0,0.0,0.4958446621894836,0.7112424373626709,0.2153977751731872,-0.0039033063221722,0.1987268626689911,0.0
514,0,0.0,0.4978958368301391,0.7100944519042969,0.2121986150741577,-0.0039033063221722,0.1957753151655197,0.0
515,0,0.0,0.4999056458473205,0.7107510566711426,0.210845410823822,-0.0039033063221722,0.1945268362760543,0.0
516,0,0.0,0.501899242401123,0.7112557291984558,0.2093564867973327,-0.0039033063221722,0.1931531429290771,0.0
517,0,0.0,0.5038706660270691,0.7102912664413452,0.2064206004142761,-0.0039033063221722,0.1904444843530655,0.0
518,0,0.0,0.505805253982544,0.7108905911445618,0.2050853371620178,-0.0039033063221722,0.1892125755548477,0.0
519,0,0.0,0.5077239274978638,0.7113853693008423,0.2036614418029785,-0.0039033063221722,0.1878988742828369,0.0
520,0,0.0,0.5096219778060913,0.712086021900177,0.2024640440940857,-0.0039033063221722,0.1867941468954086,0.0
521,0,0.0,0.511503279209137,0.4923813045024872,-0.0191219747066497,-0.0039033063221722,0.0,0.003097770968452
522,0,0.0,0.5109068155288696,0.4920067489147186,-0.018900066614151,-0.0039033063221722,0.0,0.0030618216842412
523,0,0.0,0.5108025074005127,0.4933040142059326,-0.01749849319458,-0.0039033063221722,0.0,0.0028347661718726
524,0,0.0,0.5106159448623657,0.3905723392963409,-0.1200436055660247,-0.0039033063221722,0.0,0.0194471348077058
525,0,0.0,0.5092359185218811,0.3893593847751617,-0.1198765337467193,-0.0039033063221722,0.0,0.0194200687110424
526,0,0.0,0.5080741047859192,0.3850223422050476,-0.1230517625808715,-0.0039033063221722,0.0,0.019934456795454
527,0,0.0,0.5068110823631287,0.2708021402359009,-0.2360089421272277,-0.0039033063221722,0.0,0.0382335856556892
528,0,0.0,0.504237174987793,0.2704621851444244,-0.2337749898433685,-0.0039033063221722,0.0,0.0378716848790645
529,0,0.0,0.5018361210823059,0.2662636041641235,-0.2355725169181823,-0.0039033063221722,0.0,0.0381628833711147
530,0,0.0,0.4993188679218292,0.2683931589126587,-0.2309257090091705,-0.0039033063221722,0.0,0.0374100990593433
531,0,0.0,0.4969157576560974,0.1433654725551605,-0.3535502851009369,-0.0039033063221722,0.0,0.0572753511369228
532,0,0.0,0.4930844604969024,0.145926684141159,-0.3471577763557434,-0.0039033063221722,0.0,0.0562397614121437
533,0,0.0,0.4893429577350616,0.142418771982193,-0.3469241857528686,-0.0039033063221722,0.0,0.0562019199132919
534,0,0.0,0.485514223575592,0.1467926055192947,-0.3387216329574585,-0.0039033063221722,0.0,0.0548731014132499
535,0,0.0,0.4819494187831878,0.0071194656193256,-0.4748299419879913,-0.0039033063221722,0.0,0.0769227296113967
536,0,0.0,0.4768452048301697,0.0146832130849361,-0.4621619880199432,-0.0039033063221722,0.0,0.0748705118894577
537,0,0.0,0.4717378318309784,0.0149484127759933,-0.4567894339561462,-0.0039033063221722,0.0,0.0740001574158668
538,0,0.0,0.4666313529014587,0.0271102450788021,-0.4395211040973663,-0.0039033063221722,0.0,0.0712026730179786
539,0,0.0,0.4620242714881897,0.0,-0.4620242714881897,-0.0039033063221722,0.0,0.0748481974005699
540,0,0.0,0.4572527408599853,0.0,-0.4572527408599853,-0.0039033063221722,0.0,0.0740752071142196
541,0,0.0,0.4519030451774597,0.0,-0.4519030451774597,-0.0039033063221722,0.0,0.0732085555791854
542,0,0.0,0.4466776847839355,0.0,-0.4466776847839355,-0.0039033063221722,0.0,0.0723620429635047
543,0,0.0,0.4419334232807159,0.0,-0.4419334232807159,-0.0039033063221722,0.0,0.0715934708714485
544,0,0.0,0.4368779063224792,0.0,-0.4368779063224792,-0.0039033063221722,0.0,0.0707744732499122
545,0,0.0,0.4317550957202911,0.0,-0.4317550957202911,-0.0039033063221722,0.0,0.0699445754289627
546,0,0.0,0.426507294178009,0.0,-0.426507294178009,-0.0039033063221722,0.0,0.0690944269299507
547,0,0.0,0.4213446378707886,0.0,-0.4213446378707886,-0.0039033063221722,0.0,0.0682580769062042
548,0,0.0,0.4161509871482849,0.0,-0.4161509871482849,-0.0039033063221722,0.0,0.0674167051911354
549,0,0.0,0.4108947515487671,0.0,-0.4108947515487671,-0.0039033063221722,0.0,0.0665651857852935
550,0,0.0,0.4058939516544342,0.0,-0.4058939516544342,-0.0039033063221722,0.0,0.0657550543546676
551,0,0.0,0.400665134191513,0.0,-0.400665134191513,-0.0039033063221722,0.0,0.0649079829454422
552,0,0.0,0.3957874774932861,0.0,-0.3957874774932861,-0.0039033063221722,0.0,0.0641178041696548
553,0,0.0,0.3907838463783264,0.0,-0.3907838463783264,-0.0039033063221722,0.0,0.0633072108030319
554,0,0.0,0.3861267268657684,0.0,-0.3861267268657684,-0.0039033063221722,0.0,0.0625527575612068
555,0,0.0,0.381505012512207,0.0040853098034858,-0.3774197101593017,-0.0039033063221722,0.0,0.0611422136425972
556,0,0.0,0.3772248029708862,0.0439293086528778,-0.3332954943180084,-0.0039033063221722,0.0,0.0539940632879734
557,0,0.0,0.3736421167850494,0.1026227474212646,-0.2710193693637848,-0.0039033063221722,0.0,0.0439052954316139
558,0,0.0,0.3716537356376648,0.1407358050346374,-0.2309179306030273,-0.0039033063221722,0.0,0.0374088399112224
559,0,0.0,0.3700305223464966,0.1773143410682678,-0.1927161812782287,-0.0039033063221722,0.0,0.0312201343476772
560,0,0.0,0.3688620924949646,0.2150290608406067,-0.1538330316543579,-0.0039033063221722,0.0,0.0249210409820079
561,0,0.0,0.3681181371212005,0.4438100457191467,0.0756919085979461,-0.0039033063221722,0.0698336660861969,0.0
562,0,0.0,0.3702164888381958,0.4741461873054504,0.1039296984672546,-0.0039033063221722,0.0958859622478485,0.0
563,0,0.0,0.3720369935035705,0.5019655227661133,0.1299285292625427,-0.0039033063221722,0.1198725923895835,0.0
564,0,0.0,0.37417733669281,0.5280369520187378,0.1538596153259277,-0.0039033063221722,0.1419515162706375,0.0
565,0,0.0,0.3764870166778564,0.5507216453552246,0.1742346286773681,-0.0039033063221722,0.1607495844364166,0.0
566,0,0.0,0.3789280652999878,0.5691309571266174,0.1902028918266296,-0.0039033063221722,0.1754819601774215,0.0
567,0,0.0,0.3814458847045898,0.5757828950881958,0.1943370103836059,-0.0039033063221722,0.1792961210012436,0.0
568,0,0.0,0.3838988244533539,0.5745053887367249,0.1906065642833709,-0.0039033063221722,0.1758543998003006,0.0
569,0,0.0,0.386221319437027,0.5754334926605225,0.1892121732234954,-0.0039033063221722,0.1745679229497909,0.0
570,0,0.0,0.3884814381599426,0.5784220695495605,0.1899406313896179,-0.0039033063221722,0.1752399951219558,0.0
571,0,0.0,0.390715628862381,0.5824647545814514,0.1917491257190704,-0.0039033063221722,0.1769085228443145,0.0
572,0,0.0,0.3929482400417328,0.580887496471405,0.1879392564296722,-0.0039033063221722,0.1733935326337814,0.0
573,0,0.0,0.3951063156127929,0.5808781981468201,0.1857718825340271,-0.0039033063221722,0.1713939011096954,0.0
574,0,0.0,0.3972391784191131,0.5828250050544739,0.1855858266353607,-0.0039033063221722,0.1712222397327423,0.0
575,0,0.0,0.3993721902370453,0.5864587426185608,0.1870865523815155,-0.0039033063221722,0.172606810927391,0.0
576,0,0.0,0.4015264511108398,0.5856615900993347,0.1841351389884948,-0.0039033063221722,0.1698838323354721,0.0
577,0,0.0,0.4036357700824737,0.5813694000244141,0.1777336299419403,-0.0039033063221722,0.1639777719974517,0.0
578,0,0.0,0.4056647717952728,0.5790184736251831,0.1733537018299102,-0.0039033063221722,0.1599368304014206,0.0
579,0,0.0,0.4076476693153381,0.5759575963020325,0.1683099269866943,-0.0039033063221722,0.1552834212779998,0.0
580,0,0.0,0.4095682799816131,0.5732588171958923,0.1636905372142791,-0.0039033063221722,0.1510215550661087,0.0
581,0,0.0,0.4114333987236023,0.5707964897155762,0.1593630909919738,-0.0039033063221722,0.1470290422439575,0.0
582,0,0.0,0.4132440090179443,0.5686317086219788,0.1553876996040344,-0.0039033063221722,0.1433613300323486,0.0
583,0,0.0,0.4150039255619049,0.5720061659812927,0.1570022404193878,-0.0039033063221722,0.1448509097099304,0.0
584,0,0.0,0.416787326335907,0.5709249377250671,0.1541376113891601,-0.0039033063221722,0.142207995057106,0.0
585,0,0.0,0.4185192286968231,0.5702918171882629,0.1517725884914398,-0.0039033063221722,0.1400260031223297,0.0
586,0,0.0,0.4202199578285217,0.5697823762893677,0.1495624184608459,-0.0039033063221722,0.1379868984222412,0.0
587,0,0.0,0.4218877553939819,0.5763702392578125,0.1544824838638305,-0.0039033063221722,0.142526164650917,0.0
588,0,0.0,0.4236184954643249,0.5762968063354492,0.1526783108711242,-0.0039033063221722,0.1408616304397583,0.0
589,0,0.0,0.4253039956092834,0.5765305757522583,0.1512265801429748,-0.0039033063221722,0.1395222544670105,0.0
590,0,0.0,0.4269700348377228,0.5768322348594666,0.1498622000217437,-0.0039033063221722,0.1382634788751602,0.0
591,0,0.0,0.4286137819290161,0.5845661163330078,0.1559523344039917,-0.0039033063221722,0.1438822597265243,0.0
592,0,0.0,0.4303345084190368,0.5845719575881958,0.1542374491691589,-0.0039033063221722,0.1423000991344452,0.0
593,0,0.0,0.4320091903209686,0.5840520858764648,0.1520428955554962,-0.0039033063221722,0.1402753889560699,0.0
594,0,0.0,0.43365678191185,0.5840189456939697,0.1503621637821197,-0.0039033063221722,0.1387247443199157,0.0
595,0,0.0,0.4352812170982361,0.5911902189254761,0.15590900182724,-0.0039033063221722,0.1438422799110412,0.0
596,0,0.0,0.4369757771492004,0.5915603041648865,0.154584527015686,-0.0039033063221722,0.1426203101873397,0.0
597,0,0.0,0.4386317431926727,0.5920029282569885,0.1533711850643158,-0.0039033063221722,0.1415008753538131,0.0
598,0,0.0,0.4402730166912079,0.5928284525871277,0.1525554358959198,-0.0039033063221722,0.1407482624053955,0.0
599,0,0.0,0.4419006705284118,0.6000688076019287,0.1581681370735168,-0.0039033063221722,0.1459265649318695,0.0
600,0,0.0,0.4435964524745941,0.6010207533836365,0.1574243009090423,-0.0039033063221722,0.145240306854248,0.0
601,0,0.0,0.4452619850635528,0.6019460558891296,0.1566840708255767,-0.0039033063221722,0.1445573568344116,0.0
602,0,0.0,0.4469173550605774,0.6031240820884705,0.156206727027893,-0.0039033063221722,0.1441169679164886,0.0
603,0,0.0,0.448562353849411,0.6098485589027405,0.1612862050533294,-0.0039033063221722,0.1488033086061477,0.0
604,0,0.0,0.4502668082714081,0.6109406352043152,0.1606738269329071,-0.0039033063221722,0.148238331079483,0.0
605,0,0.0,0.4519445300102234,0.6119247674942017,0.1599802374839782,-0.0039033063221722,0.1475984156131744,0.0
606,0,0.0,0.453611820936203,0.6130542159080505,0.1594423949718475,-0.0039033063221722,0.1471022069454193,0.0
607,0,0.0,0.4552677869796753,0.6190152168273926,0.1637474298477172,-0.0039033063221722,0.1510740518569946,0.0
608,0,0.0,0.4569727778434753,0.6199518442153931,0.1629790663719177,-0.0039033063221722,0.1503651589155197,0.0
609,0,0.0,0.4586511850357055,0.6207367777824402,0.1620855927467346,-0.0039033063221722,0.149540826678276,0.0
610,0,0.0,0.4603168964385986,0.6216050982475281,0.1612882018089294,-0.0039033063221722,0.1488051563501358,0.0
611,0,0.0,0.4619686603546142,0.6268249154090881,0.1648562550544738,-0.0039033063221722,0.1520970612764358,0.0
612,0,0.0,0.4636602699756622,0.6274875402450562,0.1638272702693939,-0.0039033063221722,0.1511477082967758,0.0
613,0,0.0,0.4653243720531463,0.6279921531677246,0.1626677811145782,-0.0039033063221722,0.1500779539346695,0.0
614,0,0.0,0.4669731259346008,0.6327539682388306,0.1657808423042297,-0.0039033063221722,0.1529500782489776,0.0
615,0,0.0,0.4686561226844787,0.6331827640533447,0.1645266413688659,-0.0039033063221722,0.1517929583787918,0.0
616,0,0.0,0.4703103899955749,0.6334981918334961,0.1631878018379211,-0.0039033063221722,0.1505577266216278,0.0
617,0,0.0,0.4719476401805877,0.6338921189308167,0.1619444787502288,-0.0039033063221722,0.1494106352329254,0.0
618,0,0.0,0.4735670983791351,0.6382378935813904,0.1646707952022552,-0.0039033063221722,0.1519259512424469,0.0
619,0,0.0,0.4752165377140045,0.6385355591773987,0.1633190214633941,-0.0039033063221722,0.1506787985563278,0.0
620,0,0.0,0.4768376052379608,0.6387205719947815,0.1618829667568206,-0.0039033063221722,0.1493538916110992,0.0
621,0,0.0,0.4784409701824188,0.639003574848175,0.1605626046657562,-0.0039033063221722,0.1481357216835022,0.0
622,0,0.0,0.4800262153148651,0.6430904865264893,0.1630642712116241,-0.0039033063221722,0.1504437625408172,0.0
623,0,0.0,0.4816389679908752,0.6433174014091492,0.1616784334182739,-0.0039033063221722,0.1491651833057403,0.0
624,0,0.0,0.4832238852977752,0.6434513330459595,0.1602274477481842,-0.0039033063221722,0.1478264927864074,0.0
625,0,0.0,0.4847913980484009,0.6473978757858276,0.1626064777374267,-0.0039033063221722,0.1500214040279388,0.0
626,0,0.0,0.486384630203247,0.6475833058357239,0.1611986756324768,-0.0039033063221722,0.1487225592136383,0.0
627,0,0.0,0.4879505634307861,0.6477155089378357,0.1597649455070495,-0.0039033063221722,0.1473997980356216,0.0
628,0,0.0,0.4894995391368866,0.6479694843292236,0.158469945192337,-0.0039033063221722,0.1462050229310989,0.0
629,0,0.0,0.4910315275192261,0.6517678499221802,0.1607363224029541,-0.0039033063221722,0.148295983672142,0.0
630,0,0.0,0.4925878047943115,0.6520182490348816,0.15943044424057,-0.0039033063221722,0.1470911800861358,0.0
631,0,0.0,0.494118720293045,0.6522031426429749,0.1580844223499298,-0.0039033063221722,0.1458493322134018,0.0
632,0,0.0,0.4956337809562683,0.6525108814239502,0.1568771004676818,-0.0039033063221722,0.1447354555130005,0.0
633,0,0.0,0.4971331655979156,0.6561565399169922,0.1590233743190765,-0.0039033063221722,0.1467156112194061,0.0
634,0,0.0,0.4986551403999328,0.6564470529556274,0.1577919125556945,-0.0039033063221722,0.14557945728302,0.0
635,0,0.0,0.5001534819602966,0.6566707491874695,0.1565172672271728,-0.0039033063221722,0.1444034725427627,0.0
636,0,0.0,0.5016369223594666,0.6601750254631042,0.1585381031036377,-0.0039033063221722,0.1462679058313369,0.0
637,0,0.0,0.503141462802887,0.660448431968689,0.157306969165802,-0.0039033063221722,0.1451320499181747,0.0
638,0,0.0,0.5046228170394897,0.6606782078742981,0.1560553908348083,-0.0039033063221722,0.1439773440361023,0.0
639,0,0.0,0.5060897469520569,0.6610152721405029,0.154925525188446,-0.0039033063221722,0.1429349184036255,0.0
640,0,0.0,0.5075422525405884,0.6643260717391968,0.1567838191986084,-0.0039033063221722,0.1446493864059448,0.0
641,0,0.0,0.5090137124061584,0.6646384596824646,0.1556247472763061,-0.0039033063221722,0.1435800343751907,0.0
642,0,0.0,0.5104637742042542,0.6648860573768616,0.1544222831726074,-0.0039033063221722,0.1424706280231475,0.0
643,0,0.0,0.5119000673294067,0.6680379509925842,0.1561378836631775,-0.0039033063221722,0.1440534442663192,0.0
644,0,0.0,0.513353705406189,0.6683169007301331,0.1549631953239441,-0.0039033063221722,0.1429696828126907,0.0
645,0,0.0,0.5147862434387207,0.6685507297515869,0.1537644863128662,-0.0039033063221722,0.1418637484312057,0.0
646,0,0.0,0.5162051916122437,0.6715372204780579,0.1553320288658142,-0.0039033063221722,0.1433099657297134,0.0
647,0,0.0,0.5176398754119873,0.671803891658783,0.1541640162467956,-0.0039033063221722,0.1422323435544967,0.0
648,0,0.0,0.5190540552139282,0.6720284819602966,0.1529744267463684,-0.0039033063221722,0.1411348283290863,0.0
649,0,0.0,0.520455002784729,0.672341525554657,0.1518865227699279,-0.0039033063221722,0.1401311308145523,0.0
650,0,0.0,0.5218424201011658,0.6756309866905212,0.1537885665893554,-0.0039033063221722,0.1418859660625457,0.0
651,0,0.0,0.5232492089271545,0.675797700881958,0.1525484919548034,-0.0039033063221722,0.1407418549060821,0.0
652,0,0.0,0.5246346592903137,0.6762683987617493,0.1516337394714355,-0.0039033063221722,0.1398979127407074,0.0
653,0,0.0,0.5260100364685059,0.4657878577709198,-0.060222178697586,-0.0039033063221722,0.0,0.0097560277208685
654,0,0.0,0.5250285863876343,0.4653335213661194,-0.0596950650215148,-0.0039033063221722,0.0,0.0096706356853246
655,0,0.0,0.5245163440704346,0.4639483988285064,-0.0605679452419281,-0.0039033063221722,0.0,0.0098120421171188
656,0,0.0,0.523899257183075,0.4358169734477997,-0.0880822837352752,-0.0039033063221722,0.0,0.0142693808302283
657,0,0.0,0.5229787230491638,0.4357523620128631,-0.0872263610363006,-0.0039033063221722,0.0,0.0141307208687067
658,0,0.0,0.5221182107925415,0.4345323443412781,-0.0875858664512634,-0.0039033063221722,0.0,0.0141889611259102
659,0,0.0,0.5212363600730896,0.4352534711360931,-0.0859828889369964,-0.0039033063221722,0.0,0.0139292776584625
660,0,0.0,0.5203819870948792,0.4100286960601806,-0.1103532910346984,-0.0039033063221722,0.0,0.017877297475934
661,0,0.0,0.5192390084266663,0.4116681218147278,-0.1075708866119384,-0.0039033063221722,0.0,0.0174265466630458
662,0,0.0,0.5181642174720764,0.4113940298557281,-0.1067701876163482,-0.0039033063221722,0.0,0.0172968320548534
663,0,0.0,0.5170799493789673,0.3898356258869171,-0.1272443234920501,-0.0039033063221722,0.0,0.0206136535853147
664,0,0.0,0.5157700777053833,0.3933102190494537,-0.1224598586559295,-0.0039033063221722,0.0,0.0198385678231716
665,0,0.0,0.5145233273506165,0.395113080739975,-0.1194102466106414,-0.0039033063221722,0.0,0.0193445291370153
666,0,0.0,0.5132952332496643,0.3999103009700775,-0.1133849322795867,-0.0039033063221722,0.0,0.018368424847722
667,0,0.0,0.5121617317199707,0.3878811299800873,-0.1242806017398834,-0.0039033063221722,0.0,0.0201335288584232
668,0,0.0,0.5109003782272339,0.3952615857124328,-0.115638792514801,-0.0039033063221722,0.0,0.0187335517257452
669,0,0.0,0.5097161531448364,0.3993958532810211,-0.1103202998638153,-0.0039033063221722,0.0,0.0178719535470008
670,0,0.0,0.5085766315460205,0.3809936344623565,-0.1275829970836639,-0.0039033063221722,0.0,0.0206685196608304
671,0,0.0,0.5072636008262634,0.3861206471920013,-0.121142953634262,-0.0039033063221722,0.0,0.0196252297610044
672,0,0.0,0.5059963464736938,0.3894829452037811,-0.1165134012699127,-0.0039033063221722,0.0,0.0188752394169569
673,0,0.0,0.5047770738601685,0.3970228135585785,-0.1077542603015899,-0.0039033063221722,0.0,0.0174562521278858
674,0,0.0,0.5037039518356323,0.3717516660690307,-0.1319522857666015,-0.0039033063221722,0.0,0.02137634716928
675,0,0.0,0.5023494958877563,0.3793384730815887,-0.1230110228061676,-0.0039033063221722,0.0,0.0199278574436903
676,0,0.0,0.5010977387428284,0.3846909701824188,-0.1164067685604095,-0.0039033063221722,0.0,0.0188579633831977
677,0,0.0,0.4999079406261444,0.3650140166282654,-0.134893923997879,-0.0039033063221722,0.0,0.0218528937548398
678,0,0.0,0.4985376894474029,0.3728007972240448,-0.1257368922233581,-0.0039033063221722,0.0,0.0203694496303796
679,0,0.0,0.4972545206546783,0.3785633444786072,-0.1186911761760711,-0.0039033063221722,0.0,0.0192280393093824
680,0,0.0,0.4960474967956543,0.3877737522125244,-0.1082737445831298,-0.0039033063221722,0.0,0.0175404101610183
681,0,0.0,0.4949982762336731,0.3733779191970825,-0.1216203570365905,-0.0039033063221722,0.0,0.0197025686502456
682,0,0.0,0.4937873482704162,0.3819018006324768,-0.1118855476379394,-0.0039033063221722,0.0,0.0181255228817462
683,0,0.0,0.4926767647266388,0.3883340656757355,-0.1043426990509033,-0.0039033063221722,0.0,0.0169035773724317
684,0,0.0,0.491639494895935,0.3769727051258087,-0.1146667897701263,-0.0039033063221722,0.0,0.0185760874301195
685,0,0.0,0.4905014336109161,0.3850151598453522,-0.1054862737655639,-0.0039033063221722,0.0,0.0170888379216194
686,0,0.0,0.4894517064094543,0.3909478783607483,-0.098503828048706,-0.0039033063221722,0.0,0.0159576777368783
687,0,0.0,0.4884735345840454,0.3814696967601776,-0.1070038378238678,-0.0039033063221722,0.0,0.0173346847295761
688,0,0.0,0.4874122142791748,0.3898769617080688,-0.0975352525711059,-0.0039033063221722,0.0,0.0158007685095071
689,0,0.0,0.4864472150802612,0.3955530524253845,-0.0908941626548767,-0.0039033063221722,0.0,0.0147249074652791
690,0,0.0,0.4855482578277588,0.4032937288284302,-0.0822545289993286,-0.0039033063221722,0.0,0.0133252814412117
691,0,0.0,0.4847643971443176,0.3960002660751343,-0.0887641310691833,-0.0039033063221722,0.0,0.0143798412755131
692,0,0.0,0.4838928580284118,0.4041314423084259,-0.0797614157199859,-0.0039033063221722,0.0,0.0129213957116007
693,0,0.0,0.4831206500530243,0.4094582498073578,-0.0736624002456665,-0.0039033063221722,0.0,0.0119333518669009
694,0,0.0,0.4824016988277435,0.5886303782463074,0.1062286794185638,-0.0039033063221722,0.0980070158839225,0.0
695,0,0.0,0.4838158786296844,0.5952335000038147,0.1114176213741302,-0.0039033063221722,0.102794349193573,0.0
696,0,0.0,0.4848473668098449,0.6007705926895142,0.1159232258796691,-0.0039033063221722,0.1069512441754341,0.0
697,0,0.0,0.4860045909881592,0.6067994832992554,0.1207948923110961,-0.0039033063221722,0.1114458590745925,0.0
698,0,0.0,0.4872015118598938,0.6007928252220154,0.1135913133621215,-0.0039033063221722,0.1047998070716857,0.0
699,0,0.0,0.4883066415786743,0.6066321730613708,0.1183255314826965,-0.0039033063221722,0.1091676205396652,0.0
700,0,0.0,0.4894686341285705,0.6112080812454224,0.1217394471168518,-0.0039033063221722,0.1123173087835311,0.0
701,0,0.0,0.4906553030014038,0.6050890684127808,0.1144337654113769,-0.0039033063221722,0.1055770590901374,0.0
702,0,0.0,0.4917554855346679,0.6096718311309814,0.1179163455963134,-0.0039033063221722,0.108790099620819,0.0
703,0,0.0,0.4929000437259674,0.6133938431739807,0.1204937994480133,-0.0039033063221722,0.1111680716276168,0.0
704,0,0.0,0.4940630793571472,0.6181292533874512,0.1240661740303039,-0.0039033063221722,0.1144639551639556,0.0
705,0,0.0,0.4952664673328399,0.437088280916214,-0.0581781864166259,-0.0039033063221722,0.0,0.0094248997047543
706,0,0.0,0.4943484663963318,0.44131800532341,-0.0530304610729217,-0.0039033063221722,0.0,0.0085909655317664
707,0,0.0,0.4939096868038177,0.4452101588249206,-0.048699527978897,-0.0039033063221722,0.0,0.0078893518075346
708,0,0.0,0.4934276342391968,0.4159689247608185,-0.0774587094783783,-0.0039033063221722,0.0,0.0125483563169837
709,0,0.0,0.4926151633262634,0.4157733917236328,-0.0768417716026306,-0.0039033063221722,0.0,0.0124484114348888
710,0,0.0,0.4918779730796814,0.4177649021148681,-0.0741130709648132,-0.0039033063221722,0.0,0.0120063610374927
711,0,0.0,0.4911515712738037,0.4189966320991516,-0.0721549391746521,-0.0039033063221722,0.0,0.0116891423240304
712,0,0.0,0.4904404580593109,0.3738172650337219,-0.1166231930255889,-0.0039033063221722,0.0,0.0188930258154869
713,0,0.0,0.4891995191574096,0.372443675994873,-0.1167558431625366,-0.0039033063221722,0.0,0.0189145151525735
714,0,0.0,0.4880421459674835,0.3692640364170074,-0.118778109550476,-0.0039033063221722,0.0,0.0192421227693557
715,0,0.0,0.4868287444114685,0.3348164856433868,-0.1520122587680816,-0.0039033063221722,0.0,0.0246260743588209
716,0,0.0,0.4852374196052551,0.3352132141590118,-0.1500242054462433,-0.0039033063221722,0.0,0.0243040081113576
717,0,0.0,0.4836886823177337,0.3337557017803192,-0.1499329805374145,-0.0039033063221722,0.0,0.0242892298847436
718,0,0.0,0.4821133613586426,0.3361026644706726,-0.1460106968879699,-0.0039033063221722,0.0,0.0236538182944059
719,0,0.0,0.4806153476238251,0.3200545310974121,-0.1605608165264129,-0.0039033063221722,0.0,0.0260109454393386
720,0,0.0,0.4789548516273498,0.3262067139148712,-0.1527481377124786,-0.0039033063221722,0.0,0.0247452873736619
721,0,0.0,0.4773404002189636,0.3298004865646362,-0.1475399136543274,-0.0039033063221722,0.0,0.0239015519618988
722,0,0.0,0.4757730960845947,0.3375351428985595,-0.1382379531860351,-0.0039033063221722,0.0,0.0223946291953325
723,0,0.0,0.4743660092353821,0.3449077308177948,-0.1294582784175872,-0.0039033063221722,0.0,0.02097231708467
724,0,0.0,0.4730724096298218,0.3564829528331756,-0.1165894567966461,-0.0039033063221722,0.0,0.0188875589519739
725,0,0.0,0.471815288066864,0.3620733618736267,-0.1097419261932373,-0.0039033063221722,0.0,0.0177782550454139
726,0,0.0,0.4706361293792724,0.3711227178573608,-0.0995134115219116,-0.0039033063221722,0.0,0.0161212310194969
727,0,0.0,0.4696377217769623,0.355801373720169,-0.1138363480567932,-0.0039033063221722,0.0,0.018441554158926
728,0,0.0,0.4684809148311615,0.3650390207767486,-0.1034418940544128,-0.0039033063221722,0.0,0.0167576465755701
729,0,0.0,0.4673890769481659,0.3715910315513611,-0.0957980453968048,-0.0039033063221722,0.0,0.0155193386599421
730,0,0.0,0.4663833975791931,0.3652150332927704,-0.1011683642864227,-0.0039033063221722,0.0,0.0163893345743417
731,0,0.0,0.4653694629669189,0.3763128817081451,-0.0890565812587738,-0.0039033063221722,0.0,0.0144272176548838
732,0,0.0,0.4644419252872467,0.384371668100357,-0.0800702571868896,-0.0039033063221722,0.0,0.0129714282229542
733,0,0.0,0.4636279344558716,0.3952935636043548,-0.0683343708515167,-0.0039033063221722,0.0,0.0110702076926827
734,0,0.0,0.4629900753498077,0.3938389122486114,-0.0691511631011962,-0.0039033063221722,0.0,0.0112025290727615
735,0,0.0,0.462340235710144,0.4057671129703522,-0.0565731227397918,-0.0039033063221722,0.0,0.0091648790985345
736,0,0.0,0.461807906627655,0.4142642915248871,-0.0475436151027679,-0.0039033063221722,0.0,0.0077020931057631
737,0,0.0,0.4613677859306335,0.4247611761093139,-0.0366066098213195,-0.0039033063221722,0.0,0.0059302919544279
738,0,0.0,0.461065798997879,0.4252527952194214,-0.0358130037784576,-0.0039033063221722,0.0,0.0058017275296151
739,0,0.0,0.460753470659256,0.4341809451580047,-0.0265725255012512,-0.0039033063221722,0.0,0.0043047647923231
740,0,0.0,0.4605285823345184,0.441371738910675,-0.0191568434238433,-0.0039033063221722,0.0,0.0031034196726977
741,0,0.0,0.4603719711303711,0.6270273327827454,0.1666553616523742,-0.0039033063221722,0.1537569165229797,0.0
742,0,0.0,0.4617791473865509,0.6336705088615417,0.1718913614749908,-0.0039033063221722,0.1585876792669296,0.0
743,0,0.0,0.4636412858963012,0.6390424966812134,0.1754012107849121,-0.0039033063221722,0.161825880408287,0.0
744,0,0.0,0.4654416143894195,0.6449450254440308,0.1795034110546112,-0.0039033063221722,0.1656105816364288,0.0
745,0,0.0,0.4672935903072357,0.6436730623245239,0.1763794720172882,-0.0039033063221722,0.162728413939476,0.0
746,0,0.0,0.4690837264060974,0.6480730772018433,0.1789893507957458,-0.0039033063221722,0.165136307477951,0.0
747,0,0.0,0.4709004461765289,0.6513150334358215,0.1804145872592926,-0.0039033063221722,0.1664512306451797,0.0
748,0,0.0,0.4727175831794739,0.6548939347267151,0.1821763515472412,-0.0039033063221722,0.1680766493082046,0.0
749,0,0.0,0.474546730518341,0.6526145339012146,0.1780678033828735,-0.0039033063221722,0.1642860770225525,0.0
750,0,0.0,0.4763143360614776,0.6550484299659729,0.1787340939044952,-0.0039033063221722,0.1649008095264434,0.0
751,0,0.0,0.4780918061733246,0.6565284729003906,0.178436666727066,-0.0039033063221722,0.1646264046430587,0.0
752,0,0.0,0.479855477809906,0.6537361741065979,0.1738806962966919,-0.0039033063221722,0.1604230403900146,0.0
753,0,0.0,0.4815607368946075,0.6551176905632019,0.1735569536685943,-0.0039033063221722,0.1601243615150451,0.0
754,0,0.0,0.4832662045955658,0.6559268832206726,0.1726606786251068,-0.0039033063221722,0.1592974513769149,0.0
755,0,0.0,0.4849542677402496,0.6570594906806946,0.1721052229404449,-0.0039033063221722,0.1587849855422973,0.0
756,0,0.0,0.4866329133510589,0.6542046666145325,0.1675717532634735,-0.0039033063221722,0.1546023786067962,0.0
757,0,0.0,0.4882545173168182,0.6550329327583313,0.166778415441513,-0.0039033063221722,0.1538704484701156,0.0
758,0,0.0,0.4898715317249298,0.6553866267204285,0.1655150949954986,-0.0039033063221722,0.1527049094438552,0.0
759,0,0.0,0.4914688766002655,0.6536325812339783,0.1621637046337127,-0.0039033063221722,0.1496129035949707,0.0
760,0,0.0,0.4930259883403778,0.6542283296585083,0.1612023413181305,-0.0039033063221722,0.1487259417772293,0.0
761,0,0.0,0.4945738613605499,0.6545949578285217,0.1600210964679718,-0.0039033063221722,0.1476361155509948,0.0
762,0,0.0,0.4961045086383819,0.6554558873176575,0.1593513786792755,-0.0039033063221722,0.1470182389020919,0.0
763,0,0.0,0.4976263046264648,0.6545606255531311,0.1569343209266662,-0.0039033063221722,0.1447882503271103,0.0
764,0,0.0,0.4991176724433899,0.6554716229438782,0.1563539505004882,-0.0039033063221722,0.1442527920007705,0.0
765,0,0.0,0.5006025433540344,0.656125009059906,0.1555224657058715,-0.0039033063221722,0.1434856653213501,0.0
766,0,0.0,0.5020744204521179,0.6559122800827026,0.1538378596305847,-0.0039033063221722,0.1419314444065094,0.0
767,0,0.0,0.5035258531570435,0.6568878889083862,0.1533620357513427,-0.0039033063221722,0.1414924412965774,0.0
768,0,0.0,0.5049704313278198,0.6577234864234924,0.1527530550956726,-0.0039033063221722,0.1409305930137634,0.0
769,0,0.0,0.5064050555229187,0.659030020236969,0.1526249647140503,-0.0039033063221722,0.140812411904335,0.0
770,0,0.0,0.5078365802764893,0.6590686440467834,0.1512320637702942,-0.0039033063221722,0.1395273208618164,0.0
771,0,0.0,0.5092493295669556,0.6603578329086304,0.1511085033416748,-0.0039033063221722,0.1394133269786834,0.0
772,0,0.0,0.5106590986251831,0.661398708820343,0.1507396101951599,-0.0039033063221722,0.139072984457016,0.0
773,0,0.0,0.5120612382888794,0.452810525894165,-0.0592507123947143,-0.0039033063221722,0.0,0.0095986500382423
774,0,0.0,0.5110861659049988,0.4539031982421875,-0.0571829676628112,-0.0039033063221722,0.0,0.0092636737972497
775,0,0.0,0.5106010437011719,0.4543466567993164,-0.0562543869018554,-0.0039033063221722,0.0,0.0091132437810301
776,0,0.0,0.5100297927856445,0.4557889401912689,-0.0542408525943756,-0.0039033063221722,0.0,0.0087870499119162
777,0,0.0,0.5095006823539734,0.4052656888961792,-0.1042349934577941,-0.0039033063221722,0.0,0.0168861299753189
778,0,0.0,0.5083750486373901,0.406509667634964,-0.1018653810024261,-0.0039033063221722,0.0,0.0165022518485784
779,0,0.0,0.5073831081390381,0.4062116742134094,-0.1011714339256286,-0.0039033063221722,0.0,0.0163898319005966
780,0,0.0,0.5063678622245789,0.3487226366996765,-0.1576452255249023,-0.0039033063221722,0.0,0.0255386177450418
781,0,0.0,0.504696249961853,0.3500700891017914,-0.1546261608600616,-0.0039033063221722,0.0,0.025049528107047
782,0,0.0,0.5031525492668152,0.3494009375572204,-0.1537516117095947,-0.0039033063221722,0.0,0.0249078497290611
783,0,0.0,0.5015797019004822,0.3509025871753692,-0.1506771147251129,-0.0039033063221722,0.0,0.0244097802788019
784,0,0.0,0.5000649094581604,0.2855740487575531,-0.2144908607006073,-0.0039033063221722,0.0,0.0347476452589035
785,0,0.0,0.4978004395961761,0.2877013087272644,-0.2100991308689117,-0.0039033063221722,0.0,0.0340361818671226
786,0,0.0,0.4956593513488769,0.286521166563034,-0.2091381847858429,-0.0039033063221722,0.0,0.0338805094361305
787,0,0.0,0.4934874475002289,0.2174739390611648,-0.2760134935379028,-0.0039033063221722,0.0,0.0447143465280532
788,0,0.0,0.4905783534049988,0.2216146886348724,-0.2689636647701263,-0.0039033063221722,0.0,0.0435722693800926
789,0,0.0,0.4877588748931885,0.2210703790187835,-0.2666884958744049,-0.0039033063221722,0.0,0.0432036928832531
790,0,0.0,0.4849312901496887,0.226837158203125,-0.2580941319465637,-0.0039033063221722,0.0,0.0418113991618156
791,0,0.0,0.4822947978973388,0.1552523225545883,-0.3270424604415893,-0.0039033063221722,0.0,0.0529810674488544
792,0,0.0,0.4788742363452911,0.1641380190849304,-0.3147362172603607,-0.0039033063221722,0.0,0.0509874485433101
793,0,0.0,0.4755645990371704,0.1691167503595352,-0.3064478635787964,-0.0039033063221722,0.0,0.0496447309851646
794,0,0.0,0.4723218083381653,0.1056629121303558,-0.3666588962078094,-0.0039033063221722,0.0,0.059398952871561
795,0,0.0,0.4684945940971374,0.1154152154922485,-0.3530793786048889,-0.0039033063221722,0.0,0.0571990646421909
796,0,0.0,0.4646831750869751,0.121951974928379,-0.3427312076091766,-0.0039033063221722,0.0,0.0555226542055606
797,0,0.0,0.4610010683536529,0.061847735196352,-0.39915332198143,-0.0039033063221722,0.0,0.0646630674600601
798,0,0.0,0.456823468208313,0.0773858353495597,-0.3794376254081726,-0.0039033063221722,0.0,0.0614691153168678
799,0,0.0,0.4526940286159515,0.0869678258895874,-0.3657262027263641,-0.0039033063221722,0.0,0.0592478588223457
800,0,0.0,0.4487611055374145,0.0303542166948318,-0.4184069037437439,-0.0039033063221722,0.0,0.0677821636199951
801,0,0.0,0.4444152116775512,0.0486867800354957,-0.3957284390926361,-0.0039033063221722,0.0,0.0641082376241684
802,0,0.0,0.440125972032547,0.0631860047578811,-0.3769399523735046,-0.0039033063221722,0.0,0.0610644929111003
803,0,0.0,0.4361195266246795,0.0,-0.4361195266246795,-0.0039033063221722,0.0,0.0706516206264495
804,0,0.0,0.4316362738609314,0.0065140128135681,-0.4251222610473633,-0.0039033063221722,0.0,0.0688700526952743
805,0,0.0,0.4270414113998413,0.0236189290881156,-0.403422474861145,-0.0039033063221722,0.0,0.0653546750545501
806,0,0.0,0.4228014051914215,0.0441921353340148,-0.3786092698574066,-0.0039033063221722,0.0,0.0613349229097366
807,0,0.0,0.4190773963928222,0.0,-0.4190773963928222,-0.0039033063221722,0.0,0.0678907856345176
808,0,0.0,0.4149452447891235,0.0,-0.4149452447891235,-0.0039033063221722,0.0,0.0672213733196258
809,0,0.0,0.4105723798274994,0.0,-0.4105723798274994,-0.0039033063221722,0.0,0.0665129646658897
810,0,0.0,0.4063282907009125,0.0,-0.4063282907009125,-0.0039033063221722,0.0,0.065825417637825
811,0,0.0,0.4023703038692474,0.0,-0.4023703038692474,-0.0039033063221722,0.0,0.0651842206716537
812,0,0.0,0.3979952931404114,0.0,-0.3979952931404114,-0.0039033063221722,0.0,0.0644754692912101
813,0,0.0,0.3938058912754059,0.0,-0.3938058912754059,-0.0039033063221722,0.0,0.0637967810034751
814,0,0.0,0.3899134993553161,0.0,-0.3899134993553161,-0.0039033063221722,0.0,0.0631662160158157
815,0,0.0,0.3856077492237091,0.0,-0.3856077492237091,-0.0039033063221722,0.0,0.0624686814844608
816,0,0.0,0.3815049529075622,0.0,-0.3815049529075622,-0.0039033063221722,0.0,0.0618040226399898
817,0,0.0,0.3777202665805816,0.0,-0.3777202665805816,-0.0039033063221722,0.0,0.061190903186798
818,0,0.0,0.3735392987728119,0.0,-0.3735392987728119,-0.0039033063221722,0.0,0.0605135820806026
819,0,0.0,0.3695789575576782,0.0,-0.3695789575576782,-0.0039033063221722,0.0,0.0598720051348209
820,0,0.0,0.3659392595291137,0.0,-0.3659392595291137,-0.0039033063221722,0.0,0.0592823736369609
821,0,0.0,0.3619411885738373,0.0,-0.3619411885738373,-0.0039033063221722,0.0,0.0586346834897995
822,0,0.0,0.3581675291061401,0.0,-0.3581675291061401,-0.0039033063221722,0.0,0.0580233484506607
823,0,0.0,0.3542148470878601,0.0,-0.3542148470878601,-0.0039033063221722,0.0,0.0573830120265483
824,0,0.0,0.3504631221294403,0.0,-0.3504631221294403,-0.0039033063221722,0.0,0.0567752309143543
825,0,0.0,0.3466667532920837,0.0,-0.3466667532920837,-0.0039033063221722,0.0,0.0561602152884006
826,0,0.0,0.3430794477462768,0.0,-0.3430794477462768,-0.0039033063221722,0.0,0.0555790700018405
827,0,0.0,0.3398154079914093,0.0185793898999691,-0.3212360143661499,-0.0039033063221722,0.0,0.0520404204726219
828,0,0.0,0.3369134962558746,0.0422414727509021,-0.2946720123291015,-0.0039033063221722,0.0,0.0477370359003543
829,0,0.0,0.3341433405876159,0.0641886442899704,-0.2699546813964844,-0.0039033063221722,0.0,0.0437328144907951
830,0,0.0,0.3317001760005951,0.0862375050783157,-0.2454626709222793,-0.0039033063221722,0.0,0.0397650972008705
831,0,0.0,0.3296035230159759,0.1067864522337913,-0.222817063331604,-0.0039033063221722,0.0,0.0360964946448802
832,0,0.0,0.3275983035564422,0.1260163336992263,-0.2015819698572158,-0.0039033063221722,0.0,0.0326563976705074
833,0,0.0,0.325847327709198,0.1466562002897262,-0.1791911274194717,-0.0039033063221722,0.0,0.0290290676057338
834,0,0.0,0.3243565857410431,0.1665747910737991,-0.1577817946672439,-0.0039033063221722,0.0,0.0255607422441244
835,0,0.0,0.3230624794960022,0.1799333393573761,-0.1431291401386261,-0.0039033063221722,0.0,0.0231870040297508
836,0,0.0,0.3218829333782196,0.1958022117614746,-0.126080721616745,-0.0039033063221722,0.0,0.0204251501709222
837,0,0.0,0.3207950592041015,0.209555521607399,-0.1112395375967025,-0.0039033063221722,0.0,0.0180208701640367
838,0,0.0,0.3198377192020416,0.2234320491552353,-0.0964056700468063,-0.0039033063221722,0.0,0.0156177747994661
839,0,0.0,0.3190202414989471,0.4159397482872009,0.0969195067882537,-0.0039033063221722,0.0894183292984962,0.0
840,0,0.0,0.3209887742996216,0.4261483252048492,0.1051595509052276,-0.0039033063221722,0.0970206335186958,0.0
841,0,0.0,0.3224947452545166,0.4344856142997741,0.1119908690452575,-0.0039033063221722,0.1033232361078262,0.0
842,0,0.0,0.3241790533065796,0.4428371489048004,0.1186580955982208,-0.0039033063221722,0.1094744428992271,0.0
843,0,0.0,0.3259212970733642,0.4501582384109497,0.1242369413375854,-0.0039033063221722,0.1146215125918388,0.0
844,0,0.0,0.3277219235897064,0.4523664712905884,0.1246445477008819,-0.0039033063221722,0.1149975657463073,0.0
845,0,0.0,0.3294943273067474,0.4574148952960968,0.1279205679893493,-0.0039033063221722,0.1180200353264808,0.0
846,0,0.0,0.3313007652759552,0.4610925614833832,0.1297917962074279,-0.0039033063221722,0.1197464391589164,0.0
847,0,0.0,0.3331150114536285,0.4648683071136474,0.1317532956600189,-0.0039033063221722,0.1215561255812645,0.0
848,0,0.0,0.334946721792221,0.4679983556270599,0.1330516338348388,-0.0039033063221722,0.1227539777755737,0.0
849,0,0.0,0.3367821872234344,0.4686650335788727,0.1318828463554382,-0.0039033063221722,0.1216756552457809,0.0
850,0,0.0,0.3385840952396393,0.4706496894359588,0.1320655941963195,-0.0039033063221722,0.1218442544341087,0.0
851,0,0.0,0.3403821587562561,0.4716981053352356,0.1313159465789795,-0.0039033063221722,0.1211526319384574,0.0
852,0,0.0,0.3421579301357269,0.4730981588363647,0.1309402287006378,-0.0039033063221722,0.120805986225605,0.0
853,0,0.0,0.3439220488071441,0.4742169976234436,0.1302949488162994,-0.0039033063221722,0.1202106550335884,0.0
854,0,0.0,0.3456680178642273,0.4756658971309662,0.1299978792667389,-0.0039033063221722,0.1199365779757499,0.0
855,0,0.0,0.3474032878875732,0.4763951897621155,0.1289919018745422,-0.0039033063221722,0.1190084591507911,0.0
856,0,0.0,0.3491141200065613,0.4765098094940185,0.1273956894874572,-0.0039033063221722,0.1175357848405838,0.0
857,0,0.0,0.3507949411869049,0.4771808087825775,0.1263858675956726,-0.0039033063221722,0.1166041195392608,0.0
858,0,0.0,0.3524576127529144,0.4778181612491607,0.1253605484962463,-0.0039033063221722,0.1156581565737724,0.0
859,0,0.0,0.3540994524955749,0.4808691442012787,0.1267696917057037,-0.0039033063221722,0.116958238184452,0.0
860,0,0.0,0.3557597696781158,0.4814785718917846,0.1257188022136688,-0.0039033063221722,0.1159886792302131,0.0
861,0,0.0,0.3573895692825317,0.481658786535263,0.1242692172527313,-0.0039033063221722,0.1146512851119041,0.0
862,0,0.0,0.3589943647384643,0.4824903905391693,0.1234960258007049,-0.0039033063221722,0.1139379367232322,0.0
863,0,0.0,0.3605853021144867,0.4834067821502685,0.1228214800357818,-0.0039033063221722,0.1133155971765518,0.0
864,0,0.0,0.362161636352539,0.4878653883934021,0.125703752040863,-0.0039033063221722,0.1159747913479805,0.0
865,0,0.0,0.3637785613536834,0.4888329207897186,0.1250543594360351,-0.0039033063221722,0.1153756603598594,0.0
866,0,0.0,0.3653671145439148,0.4894471764564514,0.1240800619125366,-0.0039033063221722,0.1144767701625824,0.0
867,0,0.0,0.3669385015964508,0.4907088577747345,0.1237703561782836,-0.0039033063221722,0.1141910329461097,0.0
868,0,0.0,0.3685027956962585,0.4959459602832794,0.1274431645870208,-0.0039033063221722,0.1175795868039131,0.0
869,0,0.0,0.3701176643371582,0.4971905648708343,0.1270729005336761,-0.0039033063221722,0.1172379776835441,0.0
870,0,0.0,0.3717065453529358,0.4980960488319397,0.1263895034790039,-0.0039033063221722,0.1166074723005294,0.0
871,0,0.0,0.373282790184021,0.4996696412563324,0.1263868510723114,-0.0039033063221722,0.1166050285100936,0.0
872,0,0.0,0.3748560547828674,0.5013400912284851,0.1264840364456176,-0.0039033063221722,0.116694688796997,0.0
873,0,0.0,0.3764253556728363,0.3298954367637634,-0.0465299189090728,-0.0039033063221722,0.0,0.0075378739275038
874,0,0.0,0.375567764043808,0.3314283788204193,-0.0441393852233886,-0.0039033063221722,0.0,0.007150606252253
875,0,0.0,0.3752201199531555,0.3334120213985443,-0.0418080985546112,-0.0039033063221722,0.0,0.0067729363217949
876,0,0.0,0.374799370765686,0.3350195288658142,-0.0397798418998718,-0.0039033063221722,0.0,0.0064443573355674
877,0,0.0,0.3744160234928131,0.2819438278675079,-0.0924721956253051,-0.0039033063221722,0.0,0.0149805499240756
878,0,0.0,0.3734032809734344,0.2814053297042846,-0.0919979512691497,-0.0039033063221722,0.0,0.0149037213996052
879,0,0.0,0.3725171387195587,0.2820336818695068,-0.0904834568500518,-0.0039033063221722,0.0,0.0146583728492259
880,0,0.0,0.3716112673282623,0.2809233665466308,-0.0906879007816314,-0.0039033063221722,0.0,0.0146914925426244
881,0,0.0,0.370702862739563,0.2800542414188385,-0.0906486213207244,-0.0039033063221722,0.0,0.0146851297467947
882,0,0.0,0.3697951138019562,0.1846064925193786,-0.1851886212825775,-0.0039033063221722,0.0,0.030000664293766
883,0,0.0,0.367776483297348,0.1850413978099823,-0.1827350854873657,-0.0039033063221722,0.0,0.0296031907200813
884,0,0.0,0.3659444153308868,0.1821100413799286,-0.1838343739509582,-0.0039033063221722,0.0,0.0297812763601541
885,0,0.0,0.3640303015708923,0.1830211132764816,-0.1810091882944107,-0.0039033063221722,0.0,0.0293235946446657
886,0,0.0,0.36218923330307,0.1842448860406875,-0.1779443472623825,-0.0039033063221722,0.0,0.0288270879536867
887,0,0.0,0.3603892624378204,0.0874921083450317,-0.2728971540927887,-0.0039033063221722,0.0,0.044209498912096
888,0,0.0,0.357489675283432,0.0916417688131332,-0.2658479213714599,-0.0039033063221722,0.0,0.0430675186216831
889,0,0.0,0.3547207415103912,0.091457150876522,-0.2632635831832886,-0.0039033063221722,0.0,0.0426488518714904
890,0,0.0,0.3519099652767181,0.0971003323793411,-0.2548096179962158,-0.0039033063221722,0.0,0.0412793047726154
891,0,0.0,0.3492930233478546,0.103086918592453,-0.2462061047554016,-0.0039033063221722,0.0,0.0398855321109294
892,0,0.0,0.3467956483364105,0.0151722952723503,-0.3316233456134796,-0.0039033063221722,0.0,0.0537231750786304
893,0,0.0,0.3433356583118438,0.0254963412880897,-0.3178393244743347,-0.0039033063221722,0.0,0.0514901541173458
894,0,0.0,0.3399123549461365,0.0307942181825637,-0.3091181516647339,-0.0039033063221722,0.0,0.0500773191452026
895,0,0.0,0.3365298509597778,0.0431009531021118,-0.293428897857666,-0.0039033063221722,0.0,0.0475356504321098
896,0,0.0,0.3334954679012298,0.0556544475257396,-0.2778410315513611,-0.0039033063221722,0.0,0.0450104102492332
897,0,0.0,0.3306785225868225,0.06983083486557,-0.2608476877212524,-0.0039033063221722,0.0,0.0422574765980243
898,0,0.0,0.328130692243576,0.0047101378440856,-0.3234205543994903,-0.0039033063221722,0.0,0.0523943193256855
899,0,0.0,0.3248679339885711,0.0195968821644783,-0.3052710592746734,-0.0039033063221722,0.0,0.0494540892541408
900,0,0.0,0.321494311094284,0.0278309807181358,-0.2936633229255676,-0.0039033063221722,0.0,0.0475736297667026
901,0,0.0,0.3182129859924316,0.0434398390352726,-0.2747731506824493,-0.0039033063221722,0.0,0.0445134118199348
902,0,0.0,0.3153724670410156,0.0586910620331764,-0.2566814124584198,-0.0039033063221722,0.0,0.0415825396776199
903,0,0.0,0.3127850890159607,0.0753991603851318,-0.2373859286308288,-0.0039033063221722,0.0,0.0384566597640514
904,0,0.0,0.3105116486549377,0.0907183289527893,-0.2197933197021484,-0.0039033063221722,0.0,0.0356066450476646
905,0,0.0,0.3084676563739776,0.0,-0.3084676563739776,-0.0039033063221722,0.0,0.0499719381332397
906,0,0.0,0.3053946793079376,0.0,-0.3053946793079376,-0.0039033063221722,0.0,0.0494741164147853
907,0,0.0,0.3020235598087311,0.0,-0.3020235598087311,-0.0039033063221722,0.0,0.0489279925823211
908,0,0.0,0.2986788749694824,0.0015663616359233,-0.2971125245094299,-0.0039033063221722,0.0,0.0481324009597301
909,0,0.0,0.2956326007843017,0.0122888460755348,-0.2833437621593475,-0.0039033063221722,0.0,0.0459018535912036
910,0,0.0,0.2928103506565094,0.0,-0.2928103506565094,-0.0039033063221722,0.0,0.0474354475736618
911,0,0.0,0.2899649143218994,0.0,-0.2899649143218994,-0.0039033063221722,0.0,0.0469744838774204
912,0,0.0,0.2866435348987579,0.0,-0.2866435348987579,-0.0039033063221722,0.0,0.0464364178478717
913,0,0.0,0.2834275960922241,0.0,-0.2834275960922241,-0.0039033063221722,0.0,0.0459154359996318
914,0,0.0,0.280507355928421,0.0,-0.280507355928421,-0.0039033063221722,0.0,0.0454423539340496
915,0,0.0,0.2777087092399597,0.0,-0.2777087092399597,-0.0039033063221722,0.0,0.0449889712035656
916,0,0.0,0.2750664949417114,0.0,-0.2750664949417114,-0.0039033063221722,0.0,0.044560931622982
917,0,0.0,0.2719990909099579,0.0,-0.2719990909099579,-0.0039033063221722,0.0,0.0440640114247798
918,0,0.0,0.2690657675266266,0.0096630379557609,-0.259402722120285,-0.0039033063221722,0.0,0.0420233905315399
919,0,0.0,0.2665035724639892,0.0,-0.2665035724639892,-0.0039033063221722,0.0,0.0431737340986728
920,0,0.0,0.2639095187187195,0.0147146731615066,-0.2491948455572128,-0.0039033063221722,0.0,0.0403697080910205
921,0,0.0,0.2612322866916656,0.0299520157277584,-0.2312802672386169,-0.0039033063221722,0.0,0.0374675393104553
922,0,0.0,0.2588192522525787,0.04945894703269,-0.2093603014945984,-0.0039033063221722,0.0,0.0339164920151233
923,0,0.0,0.2568285465240478,0.0507305450737476,-0.2060980051755905,-0.0039033063221722,0.0,0.0333879962563514
924,0,0.0,0.2548981606960296,0.068189263343811,-0.1867088973522186,-0.0039033063221722,0.0,0.0302469506859779
925,0,0.0,0.2529939711093902,0.0836369097232818,-0.1693570613861084,-0.0039033063221722,0.0,0.0274359416216611
926,0,0.0,0.2513288259506225,0.1022406071424484,-0.1490882188081741,-0.0039033063221722,0.0,0.0241523776203393
927,0,0.0,0.2500062882900238,0.1284661144018173,-0.1215401738882064,-0.0039033063221722,0.0,0.0196895785629749
928,0,0.0,0.2490061819553375,0.144560307264328,-0.1044458746910095,-0.0039033063221722,0.0,0.0169202927500009
929,0,0.0,0.2480403631925583,0.1592669636011123,-0.0887733995914459,-0.0039033063221722,0.0,0.0143813425675034
930,0,0.0,0.2472772598266601,0.1757649928331375,-0.0715122669935226,-0.0039033063221722,0.0,0.0115850288420915
931,0,0.0,0.2467555850744247,0.192120224237442,-0.0546353608369827,-0.0039033063221722,0.0,0.008850960060954
932,0,0.0,0.2464111894369125,0.2300896495580673,-0.0163215398788452,-0.0039033063221722,0.0,0.0026440990623086
933,0,0.0,0.2464988231658935,0.2438065409660339,-0.0026922821998596,-0.0039033063221722,0.0,0.0004361512837931
934,0,0.0,0.2466064542531967,0.2565993070602417,0.0099928528070449,-0.0039033063221722,0.0092194471508264,0.0
935,0,0.0,0.2469599694013595,0.2697881758213043,0.0228282064199447,-0.0039033063221722,0.0210613962262868,0.0
936,0,0.0,0.2475587427616119,0.2824966609477997,0.0349379181861877,-0.0039033063221722,0.0322338677942752,0.0
937,0,0.0,0.2483663409948349,0.294820100069046,0.0464537590742111,-0.0039033063221722,0.0428584292531013,0.0
938,0,0.0,0.2493702471256256,0.5068618059158325,0.2574915587902069,-0.0039033063221722,0.2375627607107162,0.0
939,0,0.0,0.2526852786540985,0.5164459943771362,0.2637607157230377,-0.0039033063221722,0.2433467209339141,0.0
940,0,0.0,0.2577840983867645,0.5251741409301758,0.2673900425434112,-0.0039033063221722,0.2466951459646225,0.0
941,0,0.0,0.2624397277832031,0.5334426164627075,0.2710028886795044,-0.0039033063221722,0.2500283718109131,0.0
942,0,0.0,0.2671073675155639,0.5410532355308533,0.2739458680152893,-0.0039033063221722,0.2527435719966888,0.0
943,0,0.0,0.2717026770114898,0.548089325428009,0.2763866484165191,-0.0039033063221722,0.2549954652786255,0.0
944,0,0.0,0.2762471437454223,0.5545181035995483,0.278270959854126,-0.0039033063221722,0.2567339241504669,0.0
945,0,0.0,0.2807363867759704,0.5683708190917969,0.2876344323158264,-0.0039033063221722,0.2653726935386657,0.0
946,0,0.0,0.2853215038776397,0.5729979276657104,0.2876764237880707,-0.0039033063221722,0.2654114365577698,0.0
947,0,0.0,0.2897960543632507,0.5770342350006104,0.2872381806373596,-0.0039033063221722,0.2650071084499359,0.0
948,0,0.0,0.294201910495758,0.5807473063468933,0.2865453958511352,-0.0039033063221722,0.264367938041687,0.0
949,0,0.0,0.2985334396362304,0.5840256214141846,0.2854921817779541,-0.0039033063221722,0.2633962631225586,0.0
950,0,0.0,0.3027905821800232,0.5869211554527283,0.2841305732727051,-0.0039033063221722,0.2621400356292724,0.0
951,0,0.0,0.306972861289978,0.5949402451515198,0.2879673838615417,-0.0039033063221722,0.2656798958778381,0.0
952,0,0.0,0.3111754655838012,0.5968543887138367,0.2856789231300354,-0.0039033063221722,0.2635685503482818,0.0
953,0,0.0,0.3152736127376556,0.5983819365501404,0.2831083238124847,-0.0039033063221722,0.261196881532669,0.0
954,0,0.0,0.3192919790744781,0.5997260212898254,0.2804340422153473,-0.0039033063221722,0.2587296068668365,0.0
955,0,0.0,0.3232282400131225,0.600692629814148,0.2774643898010254,-0.0039033063221722,0.2559897899627685,0.0
956,0,0.0,0.3270815014839172,0.6014741659164429,0.2743926644325256,-0.0039033063221722,0.2531557977199554,0.0
957,0,0.0,0.3308537006378174,0.6069504022598267,0.2760967016220093,-0.0039033063221722,0.2547279298305511,0.0
958,0,0.0,0.3346258699893951,0.6073858737945557,0.2727600038051605,-0.0039033063221722,0.2516494989395141,0.0
959,0,0.0,0.3383002281188965,0.6075968146324158,0.2692965865135193,-0.0039033063221722,0.2484541237354278,0.0
960,0,0.0,0.3418972492218017,0.6077653169631958,0.265868067741394,-0.0039033063221722,0.2452909648418426,0.0
961,0,0.0,0.3454162776470184,0.6075973510742188,0.2621810734272003,-0.0039033063221722,0.2418893277645111,0.0
962,0,0.0,0.3488560020923614,0.6122776865959167,0.2634216845035553,-0.0039033063221722,0.2430339157581329,0.0
963,0,0.0,0.3522962927818298,0.6121197938919067,0.2598235011100769,-0.0039033063221722,0.2397142201662063,0.0
964,0,0.0,0.3556461334228515,0.6121230721473694,0.2564769387245178,-0.0039033063221722,0.2366266697645187,0.0
965,0,0.0,0.3589299619197845,0.6120566725730896,0.253126710653305,-0.0039033063221722,0.2335357367992401,0.0
966,0,0.0,0.3621446490287781,0.6120235919952393,0.2498789429664611,-0.0039033063221722,0.2305393368005752,0.0
967,0,0.0,0.3652945160865783,0.6169301867485046,0.2516356706619262,-0.0039033063221722,0.2321600914001464,0.0
968,0,0.0,0.3684557974338531,0.6168661117553711,0.2484103143215179,-0.0039033063221722,0.2291843742132187,0.0
969,0,0.0,0.3715385496616363,0.6169899702072144,0.245451420545578,-0.0039033063221722,0.2264544814825058,0.0
970,0,0.0,0.3745661973953247,0.6169139742851257,0.242347776889801,-0.0039033063221722,0.2235910445451736,0.0
971,0,0.0,0.3775336742401123,0.6217417120933533,0.2442080378532409,-0.0039033063221722,0.2253073304891586,0.0
972,0,0.0,0.3805158734321594,0.6217142343521118,0.2411983609199524,-0.0039033063221722,0.2225305885076522,0.0
973,0,0.0,0.3834270238876343,0.6216329336166382,0.2382059097290039,-0.0039033063221722,0.2197697460651397,0.0
974,0,0.0,0.3862857520580292,0.6217018365859985,0.2354160845279693,-0.0039033063221722,0.217195838689804,0.0
975,0,0.0,0.3890926241874695,0.6218183636665344,0.2327257394790649,-0.0039033063221722,0.2147137224674224,0.0
976,0,0.0,0.3918503820896148,0.6267247200012207,0.2348743379116058,-0.0039033063221722,0.21669602394104,0.0
977,0,0.0,0.3946279883384704,0.6268843412399292,0.2322563529014587,-0.0039033063221722,0.2142806649208068,0.0
978,0,0.0,0.3973441123962402,0.626991868019104,0.2296477556228637,-0.0039033063221722,0.2118739634752273,0.0
979,0,0.0,0.4000162184238434,0.6272402405738831,0.2272240221500396,-0.0039033063221722,0.2096378058195114,0.0
980,0,0.0,0.4026445150375366,0.6320441365242004,0.2293996214866638,-0.0039033063221722,0.211645022034645,0.0
981,0,0.0,0.4052935242652893,0.6323026418685913,0.227009117603302,-0.0039033063221722,0.2094395458698272,0.0
982,0,0.0,0.4078869521617889,0.632502019405365,0.224615067243576,-0.0039033063221722,0.2072307765483856,0.0
983,0,0.0,0.4104410111904144,0.6328376531600952,0.2223966419696808,-0.0039033063221722,0.205184057354927,0.0
984,0,0.0,0.4129559993743896,0.6332024931907654,0.2202464938163757,-0.0039033063221722,0.2032003104686737,0.0
985,0,0.0,0.4154333770275116,0.637821614742279,0.2223882377147674,-0.0039033063221722,0.205176293849945,0.0
986,0,0.0,0.4179312586784363,0.6381645202636719,0.2202332615852356,-0.0039033063221722,0.2031881064176559,0.0
987,0,0.0,0.4203803241252899,0.6384370923042297,0.2180567681789398,-0.0039033063221722,0.2011800706386566,0.0
988,0,0.0,0.4227946698665619,0.6388204097747803,0.2160257399082183,-0.0039033063221722,0.199306234717369,0.0
989,0,0.0,0.4251742660999298,0.6431774497032166,0.2180031836032867,-0.0039033063221722,0.2011306285858154,0.0
990,0,0.0,0.4275725781917572,0.6435177326202393,0.215945154428482,-0.0039033063221722,0.1992318779230117,0.0
991,0,0.0,0.4299257397651672,0.6437835097312927,0.2138577699661255,-0.0039033063221722,0.1973060518503189,0.0
992,0,0.0,0.4322465658187866,0.6441560983657837,0.211909532546997,-0.0039033063221722,0.195508599281311,0.0
993,0,0.0,0.4345351755619049,0.6482630968093872,0.2137279212474823,-0.0039033063221722,0.1971862465143203,0.0
994,0,0.0,0.4368407428264618,0.6485910415649414,0.2117502987384796,-0.0039033063221722,0.1953616887331009,0.0
995,0,0.0,0.4391043782234192,0.6488454341888428,0.2097410559654235,-0.0039033063221722,0.1935079544782638,0.0
996,0,0.0,0.4413378834724426,0.6492010354995728,0.2078631520271301,-0.0039033063221722,0.1917753964662552,0.0
997,0,0.0,0.4435412585735321,0.6530669331550598,0.2095256745815277,-0.0039033063221722,0.1933092474937439,0.0
998,0,0.0,0.4457599818706512,0.6533777713775635,0.2076177895069122,-0.0039033063221722,0.1915490180253982,0.0
999,0,0.0,0.4479393661022186,0.6536170840263367,0.205677717924118,-0.0039033063221722,0.1897591054439544,0.0
