step,episodeID,latent_wheel_slip,latent_speed,latent_desired_speed,latent_speed_error,weight_speed_slip,latent_accel_raw,latent_brake_raw
0,0,0.0,0.0,0.6777236461639404,0.6777236461639404,0.1729093790054321,0.3922056555747986,0.0
1,0,0.0182499997317791,0.0219120439141988,0.6808001399040222,0.6588881015777588,0.1729093790054321,0.3813053369522095,0.0
2,0,0.0348572023212909,0.0339810587465763,0.6837350130081177,0.6497539281845093,0.1729093790054321,0.3760192990303039,0.0
3,0,0.0530532039701938,0.0435704924166202,0.6869181990623474,0.6433476805686951,0.1729093790054321,0.3723119497299194,0.0
4,0,0.0701023638248443,0.0525338649749755,0.689971923828125,0.6374380588531494,0.1729093790054321,0.3688919842243194,0.0
5,0,0.0834442004561424,0.0613350719213485,0.6925121545791626,0.6311770677566528,0.1729093790054321,0.3652686774730682,0.0
6,0,0.0948099642992019,0.0700816661119461,0.6949506998062134,0.6248690485954285,0.1729093790054321,0.361618161201477,0.0
7,0,0.104869544506073,0.0787739381194114,0.6975153684616089,0.6187414526939392,0.1729093790054321,0.3580720722675323,0.0
8,0,0.1139609143137931,0.087338201701641,0.7001239657402039,0.6127857565879822,0.1729093790054321,0.3546254336833954,0.0
9,0,0.1222997233271598,0.0956756472587585,0.7028218507766724,0.6071462035179138,0.1729093790054321,0.3513617813587188,0.0
10,0,0.1300238072872162,0.1037031188607215,0.7055897116661072,0.6018865704536438,0.1729093790054321,0.3483179807662964,0.0
11,0,0.1372261047363281,0.1113352105021476,0.7084322571754456,0.5970970392227173,0.1729093790054321,0.3455462157726288,0.0
12,0,0.1439723074436187,0.1184837594628334,0.7113450765609741,0.5928612947463989,0.1729093790054321,0.3430949449539184,0.0
13,0,0.1503085494041443,0.1250607818365097,0.7143484354019165,0.5892876386642456,0.1729093790054321,0.3410268425941467,0.0
14,0,0.1565481722354889,0.1320450156927108,0.7149735689163208,0.5829285383224487,0.1729093790054321,0.3373467624187469,0.0
15,0,0.1623240560293197,0.1394047737121582,0.7164937257766724,0.5770889520645142,0.1729093790054321,0.3339673280715942,0.0
16,0,0.1678741574287414,0.1467148810625076,0.7179100513458252,0.5711951851844788,0.1729093790054321,0.3305565416812897,0.0
17,0,0.1731936037540435,0.1540189236402511,0.7083423137664795,0.5543233752250671,0.1729093790054321,0.3207926452159881,0.0
18,0,0.1781497001647949,0.1612987667322158,0.7079026103019714,0.5466038584709167,0.1729093790054321,0.316325306892395,0.0
19,0,0.1829045414924621,0.1685517579317093,0.7074418663978577,0.5388901233673096,0.1729093790054321,0.3118612766265869,0.0
20,0,0.18747478723526,0.1757749170064926,0.7069931030273438,0.5312181711196899,0.1729093790054321,0.3074214458465576,0.0
21,0,0.1918758451938629,0.1829665303230285,0.7065919041633606,0.523625373840332,0.1729093790054321,0.3030274212360382,0.0
22,0,0.196122333407402,0.1901254206895828,0.7062714695930481,0.5161460638046265,0.1729093790054321,0.2986990511417389,0.0
23,0,0.2002285122871399,0.1972508132457733,0.7060635685920715,0.5088127851486206,0.1729093790054321,0.2944552004337311,0.0
24,0,0.2041894495487213,0.2044241428375244,0.7060031890869141,0.5015790462493896,0.1729093790054321,0.2902689576148987,0.0
25,0,0.2082375884056091,0.2109233736991882,0.7058877348899841,0.4949643611907959,0.1729093790054321,0.2864409685134887,0.0
26,0,0.2124111354351043,0.2165398299694061,0.7060229778289795,0.4894831478595733,0.1729093790054321,0.2832689583301544,0.0
27,0,0.2164898812770843,0.2219853401184082,0.7067657113075256,0.4847803711891174,0.1729093790054321,0.2805474102497101,0.0
28,0,0.2204830944538116,0.2273156493902206,0.7079439163208008,0.4806282520294189,0.1729093790054321,0.2781445384025574,0.0
29,0,0.224379152059555,0.2325944006443023,0.6702742576599121,0.4376798570156097,0.1729093790054321,0.2532898485660553,0.0
30,0,0.2277372181415558,0.237578883767128,0.6698549389839172,0.4322760701179504,0.1729093790054321,0.2501626312732696,0.0
31,0,0.2312224358320236,0.2428804039955139,0.6677243709564209,0.424843966960907,0.1729093790054321,0.2458615899085998,0.0
32,0,0.2344504594802856,0.2499109655618667,0.6640850901603699,0.4141741394996643,0.1729093790054321,0.2396868467330932,0.0
33,0,0.2380684167146682,0.2557016313076019,0.6619101166725159,0.4062084853649139,0.1729093790054321,0.2350770384073257,0.0
34,0,0.2419755160808563,0.2605699300765991,0.6597710847854614,0.3992011547088623,0.1729093790054321,0.2310218214988708,0.0
35,0,0.2458098530769348,0.2654270529747009,0.6572421789169312,0.3918151259422302,0.1729093790054321,0.226747453212738,0.0
36,0,0.2495741993188858,0.269999235868454,0.6542897820472717,0.3842905461788177,0.1729093790054321,0.2223929017782211,0.0
37,0,0.2532186508178711,0.2742534875869751,0.65073561668396,0.3764821290969848,0.1729093790054321,0.2178740948438644,0.0
38,0,0.2567124366760254,0.2781272530555725,0.6464369297027588,0.3683096766471863,0.1729093790054321,0.2131446152925491,0.0
39,0,0.2599117159843445,0.2819636464118957,0.6412662863731384,0.3593026399612427,0.1729093790054321,0.2079321444034576,0.0
40,0,0.2628003060817718,0.2857252657413482,0.635192334651947,0.3494670689105987,0.1729093790054321,0.2022401988506317,0.0
41,0,0.2654410004615783,0.2892018258571625,0.6288203001022339,0.3396184742450714,0.1729093790054321,0.1965407133102417,0.0
42,0,0.2678267359733581,0.2924626767635345,0.573711633682251,0.2812489569187164,0.1729093790054321,0.1627616733312606,0.0
43,0,0.2695471942424774,0.2949697375297546,0.5679607391357422,0.2729910016059875,0.1729093790054321,0.1579827070236206,0.0
44,0,0.2710497975349426,0.2972438037395477,0.5621000528335571,0.2648562490940094,0.1729093790054321,0.1532750427722931,0.0
45,0,0.2723285555839538,0.2993025779724121,0.5560816526412964,0.2567790746688843,0.1729093790054321,0.148600697517395,0.0
46,0,0.2737155556678772,0.3009180724620819,0.5505145192146301,0.2495964467525482,0.1729093790054321,0.1444440335035324,0.0
47,0,0.2751161456108093,0.3023356795310974,0.544857919216156,0.2425222396850586,0.1729093790054321,0.1403501182794571,0.0
48,0,0.2765035033226013,0.3036267161369324,0.5014272332191467,0.1978005170822143,0.1729093790054321,0.1144692003726959,0.0
49,0,0.2775591909885406,0.3043933808803558,0.4980250000953674,0.1936316192150116,0.1729093790054321,0.1120566129684448,0.0
50,0,0.2786209881305694,0.3050628304481506,0.4946490228176117,0.189586192369461,0.1729093790054321,0.1097154840826988,0.0
51,0,0.2796661555767059,0.3057005107402801,0.4912943840026855,0.1855938732624054,0.1729093790054321,0.1074050888419151,0.0
52,0,0.280689001083374,0.3063189089298248,0.4879719316959381,0.1816530227661132,0.1729093790054321,0.1051244810223579,0.0
53,0,0.2816868126392364,0.3069218397140503,0.4846964478492737,0.1777746081352234,0.1729093790054321,0.1028800010681152,0.0
54,0,0.2826579809188843,0.3075115978717804,0.4615379273891449,0.1540263295173645,0.1729093790054321,0.0891366228461265,0.0
55,0,0.2834397256374359,0.3078684210777282,0.4618538916110992,0.1539854705333709,0.1729093790054321,0.0891129821538925,0.0
56,0,0.2842297554016113,0.3082405924797058,0.462390273809433,0.1541496813297271,0.1729093790054321,0.0892080143094062,0.0
57,0,0.2850212454795837,0.3086547255516052,0.4631605446338653,0.1545058190822601,0.1729093790054321,0.0894141122698783,0.0
58,0,0.2858150005340576,0.3091125190258026,0.4641790688037872,0.1550665497779846,0.1729093790054321,0.0897386148571968,0.0
59,0,0.2866126894950866,0.3096129894256592,0.4639672338962555,0.1543542444705963,0.1729093790054321,0.0893263965845108,0.0
60,0,0.28740394115448,0.3101387917995453,0.4694340527057647,0.1592952609062194,0.1729093790054321,0.0921858102083206,0.0
61,0,0.2882348299026489,0.3107488751411438,0.4752133190631866,0.1644644439220428,0.1729093790054321,0.0951772704720497,0.0
62,0,0.2891055345535278,0.3114457428455353,0.4812879860401153,0.16984224319458,0.1729093790054321,0.0982894599437713,0.0
63,0,0.2900173664093017,0.3122275769710541,0.4876354336738586,0.1754078567028045,0.1729093790054321,0.1015103384852409,0.0
64,0,0.2909711003303528,0.3130923807621002,0.4942293465137481,0.1811369657516479,0.1729093790054321,0.1048258319497108,0.0
65,0,0.2919672131538391,0.3140381574630737,0.5010382533073425,0.1870000958442688,0.1729093790054321,0.1082188859581947,0.0
66,0,0.2930057942867279,0.3150629103183746,0.5339747667312622,0.2189118564128875,0.1729093790054321,0.126686543226242,0.0
67,0,0.2942947447299957,0.3164489269256592,0.5448442697525024,0.2283953428268432,0.1729093790054321,0.1321747452020645,0.0
68,0,0.2958613634109497,0.3176227211952209,0.5558916926383972,0.2382689714431762,0.1729093790054321,0.1378887146711349,0.0
69,0,0.2977622151374817,0.3193443119525909,0.5695907473564148,0.2502464354038238,0.1729093790054321,0.1448201984167099,0.0
70,0,0.300040602684021,0.3209003806114197,0.5827739834785461,0.2618736028671264,0.1729093790054321,0.1515489518642425,0.0
71,0,0.3020856976509094,0.3242537975311279,0.595424473285675,0.2711706757545471,0.1729093790054321,0.1569292694330215,0.0
72,0,0.3042694330215454,0.3276509344577789,0.6069989800453186,0.2793480455875397,0.1729093790054321,0.1616615951061248,0.0
73,0,0.3065468072891235,0.3308947384357452,0.6174935102462769,0.2865987718105316,0.1729093790054321,0.1658576726913452,0.0
74,0,0.3088582754135132,0.3339191675186157,0.6721062064170837,0.338187038898468,0.1729093790054321,0.1957123279571533,0.0
75,0,0.311502069234848,0.3371261060237884,0.68089759349823,0.3437714874744415,0.1729093790054321,0.1989441066980362,0.0
76,0,0.3141185343265533,0.3398790955543518,0.6882712244987488,0.348392128944397,0.1729093790054321,0.2016181200742721,0.0
77,0,0.3167401552200317,0.3419109880924225,0.6945015788078308,0.3525905907154083,0.1729093790054321,0.2040478140115738,0.0
78,0,0.319317489862442,0.3432497084140777,0.6997829079627991,0.3565331995487213,0.1729093790054321,0.2063294351100921,0.0
79,0,0.32169970870018,0.3443582355976105,0.7041932940483093,0.3598350584506988,0.1729093790054321,0.2082402557134628,0.0
80,0,0.3238354623317718,0.3453933000564575,0.707939088344574,0.3625457882881164,0.1729093790054321,0.2098089903593063,0.0
81,0,0.324486494064331,0.3503727912902832,0.746250331401825,0.3958775401115417,0.1729093790054321,0.2290984243154525,0.0
82,0,0.326090544462204,0.3523733913898468,0.7450792193412781,0.3927058279514313,0.1729093790054321,0.2272629141807556,0.0
83,0,0.3279247879981994,0.3539793789386749,0.7423240542411804,0.3883446753025055,0.1729093790054321,0.2247390747070312,0.0
84,0,0.3298476040363312,0.3554860055446625,0.7395502924919128,0.3840642869472503,0.1729093790054321,0.2222619652748108,0.0
85,0,0.3317890167236328,0.3571587204933166,0.7367240190505981,0.3795652985572815,0.1729093790054321,0.2196583598852157,0.0
86,0,0.3337314128875732,0.3588208556175232,0.5753037929534912,0.216482937335968,0.1729093790054321,0.1252809166908264,0.0
87,0,0.3348580002784729,0.3590859174728393,0.5675584077835083,0.2084724903106689,0.1729093790054321,0.1206451803445816,0.0
88,0,0.3364884853363037,0.3591002523899078,0.5583935976028442,0.1992933452129364,0.1729093790054321,0.115333117544651,0.0
89,0,0.337689459323883,0.3613869845867157,0.5505135655403137,0.189126580953598,0.1729093790054321,0.1094495058059692,0.0
90,0,0.3389112651348114,0.3640020489692688,0.5479652285575867,0.1839631795883178,0.1729093790054321,0.1064613908529281,0.0
91,0,0.3402110934257507,0.3664153516292572,0.5383902192115784,0.1719748675823211,0.1729093790054321,0.0995236337184906,0.0
92,0,0.3414635956287384,0.3685043752193451,0.5296001434326172,0.1610957682132721,0.1729093790054321,0.093227781355381,0.0
93,0,0.34262216091156,0.3702079057693481,0.5214970111846924,0.1512891054153442,0.1729093790054321,0.0875525698065757,0.0
94,0,0.343655377626419,0.3714668154716491,0.513832688331604,0.1423658728599548,0.1729093790054321,0.0823886021971702,0.0
95,0,0.3445343971252441,0.3722371459007263,0.5059228539466858,0.1336857080459594,0.1729093790054321,0.0773653015494346,0.0
96,0,0.3452290892601013,0.3724765479564667,0.4995147585868835,0.1270382106304168,0.1729093790054321,0.0735183209180831,0.0
97,0,0.3457016944885254,0.3722454905509949,0.4936887621879577,0.1214432716369628,0.1729093790054321,0.0702804774045944,0.0
98,0,0.345736563205719,0.3723800480365753,0.4887384474277496,0.1163583993911743,0.1729093790054321,0.0673378035426139,0.0
99,0,0.3456506133079529,0.371956318616867,0.4849246740341186,0.1129683554172515,0.1729093790054321,0.0653759539127349,0.0
100,0,0.345400333404541,0.3714253902435303,0.493533581495285,0.1221081912517547,0.1729093790054321,0.0706652700901031,0.0
101,0,0.3451752066612243,0.3709350228309631,0.4951081573963165,0.1241731345653534,0.1729093790054321,0.0718602761626243,0.0
102,0,0.3449830710887909,0.3704020977020263,0.4970081150531769,0.1266060173511505,0.1729093790054321,0.0732682049274444,0.0
103,0,0.3450122773647308,0.3699529767036438,0.5000340342521667,0.1300810575485229,0.1729093790054321,0.0752792507410049,0.0
104,0,0.3456642627716064,0.3695659041404724,0.5068493485450745,0.137283444404602,0.1729093790054321,0.0794473439455032,0.0
105,0,0.3466044664382934,0.369904100894928,0.5139073133468628,0.1440032124519348,0.1729093790054321,0.0833361446857452,0.0
106,0,0.3472846746444702,0.3724153339862823,0.4892289042472839,0.1168135702610015,0.1729093790054321,0.0676012188196182,0.0
107,0,0.3480395674705505,0.3742569386959076,0.4927561581134796,0.118499219417572,0.1729093790054321,0.0685767233371734,0.0
108,0,0.3488471210002899,0.3760603368282318,0.4982300996780395,0.1221697628498077,0.1729093790054321,0.0707008987665176,0.0
109,0,0.3497046530246734,0.3776060342788696,0.5052079558372498,0.1276019215583801,0.1729093790054321,0.0738445520401001,0.0
110,0,0.3505689799785614,0.3788594305515289,0.5132600665092468,0.1344006359577179,0.1729093790054321,0.0777790322899818,0.0
111,0,0.3514114022254944,0.3797651529312134,0.5219453573226929,0.1421802043914795,0.1729093790054321,0.0822811499238014,0.0
112,0,0.3522024154663086,0.3802811801433563,0.491938054561615,0.1116568744182586,0.1729093790054321,0.0646169856190681,0.0
113,0,0.3526509404182434,0.3800084888935089,0.5017368793487549,0.1217283904552459,0.1729093790054321,0.0704454779624939,0.0
114,0,0.3528263568878174,0.3800317049026489,0.5109012126922607,0.1308695077896118,0.1729093790054321,0.0757355317473411,0.0
115,0,0.3530843257904053,0.3798911273479461,0.5005808472633362,0.12068971991539,0.1729093790054321,0.0698443874716758,0.0
116,0,0.3535454273223877,0.3793799579143524,0.5060087442398071,0.1266287863254547,0.1729093790054321,0.0732813850045204,0.0
117,0,0.354231595993042,0.3802933990955353,0.5113573670387268,0.1310639679431915,0.1729093790054321,0.0758480727672576,0.0
118,0,0.354895681142807,0.3821956515312195,0.510256290435791,0.1280606389045715,0.1729093790054321,0.0741100162267685,0.0
119,0,0.3557259738445282,0.3837772905826568,0.5065836906433105,0.1228064000606536,0.1729093790054321,0.0710693299770355,0.0
120,0,0.3565467000007629,0.3851433992385864,0.5011677145957947,0.1160243153572082,0.1729093790054321,0.0671444684267044,0.0
121,0,0.3573068976402282,0.3861308097839355,0.5241748094558716,0.138043999671936,0.1729093790054321,0.0798874869942665,0.0
122,0,0.3581430613994598,0.3869452774524688,0.5156247019767761,0.1286794245243072,0.1729093790054321,0.0744681134819984,0.0
123,0,0.358820378780365,0.3871815204620361,0.5056722164154053,0.1184906959533691,0.1729093790054321,0.0685717910528183,0.0
124,0,0.3592733740806579,0.3868497014045715,0.4947586059570312,0.1079089045524597,0.1729093790054321,0.0624479949474334,0.0
125,0,0.3592532873153686,0.3868367075920105,0.5247902870178223,0.1379535794258117,0.1729093790054321,0.0798351615667343,0.0
126,0,0.3593067526817322,0.386674165725708,0.5132695436477661,0.1265953779220581,0.1729093790054321,0.0732620507478714,0.0
127,0,0.3590847849845886,0.3862145245075226,0.5029416680335999,0.1167271435260772,0.1729093790054321,0.067551203072071,0.0
128,0,0.358571320772171,0.3855146467685699,0.4940039217472076,0.1084892749786377,0.1729093790054321,0.0627838596701622,0.0
129,0,0.3580930233001709,0.3848645389080047,0.4936471879482269,0.1087826490402221,0.1729093790054321,0.0629536435008049,0.0
130,0,0.3577318787574768,0.3841285705566406,0.4967654943466186,0.112636923789978,0.1729093790054321,0.0651841536164283,0.0
131,0,0.3574740588665008,0.3834257423877716,0.499545007944107,0.1161192655563354,0.1729093790054321,0.0671994164586067,0.0
132,0,0.3573033809661865,0.3827629387378692,0.5017457604408264,0.1189828217029571,0.1729093790054321,0.0688565894961357,0.0
133,0,0.3572188913822174,0.3822140395641327,0.503604531288147,0.1213904917240142,0.1729093790054321,0.070249930024147,0.0
134,0,0.3575780391693115,0.3820643126964569,0.6628438234329224,0.2807795107364654,0.1729093790054321,0.1624899953603744,0.0
135,0,0.3594736754894256,0.3833406269550323,0.6727179288864136,0.2893773019313812,0.1729093790054321,0.1674656271934509,0.0
136,0,0.3612023890018463,0.3866573870182037,0.6823203563690186,0.2956629693508148,0.1729093790054321,0.1711032092571258,0.0
137,0,0.3631176352500915,0.3901265263557434,0.6913992166519165,0.3012726902961731,0.1729093790054321,0.1743496209383011,0.0
138,0,0.365165650844574,0.3934538960456848,0.6888368129730225,0.2953829169273376,0.1729093790054321,0.1709411442279815,0.0
139,0,0.3672002553939819,0.3964549601078033,0.6991250514984131,0.3026700913906097,0.1729093790054321,0.1751583069562912,0.0
140,0,0.3692517578601837,0.3991864919662475,0.708618700504303,0.3094322085380554,0.1729093790054321,0.1790716052055359,0.0
141,0,0.3712799251079559,0.4015487730503082,0.7175357341766357,0.3159869611263275,0.1729093790054321,0.1828649193048477,0.0
142,0,0.3732406497001648,0.4034878313541412,0.718364417552948,0.3148765861988067,0.1729093790054321,0.1822223365306854,0.0
143,0,0.3750461339950561,0.4048843085765838,0.7258123755455017,0.3209280669689178,0.1729093790054321,0.1857243776321411,0.0
144,0,0.3766103982925415,0.4064990580081939,0.731255292892456,0.3247562348842621,0.1729093790054321,0.187939777970314,0.0
145,0,0.3783698081970215,0.4077049791812897,0.7333455681800842,0.3256405889987945,0.1729093790054321,0.1884515732526779,0.0
146,0,0.3803216814994812,0.4093468189239502,0.7313004732131958,0.3219536542892456,0.1729093790054321,0.1863179057836532,0.0
147,0,0.3822066187858581,0.4123532176017761,0.7083062529563904,0.2959530353546142,0.1729093790054321,0.1712710708379745,0.0
148,0,0.3840607404708862,0.4149195551872253,0.7020540833473206,0.2871345281600952,0.1729093790054321,0.1661677211523056,0.0
149,0,0.3858891427516937,0.4172010421752929,0.6950405240058899,0.2778394818305969,0.1729093790054321,0.1607885807752609,0.0
150,0,0.3876191973686218,0.4190656840801239,0.6881652474403381,0.2690995633602142,0.1729093790054321,0.1557306945323944,0.0
151,0,0.3891961276531219,0.4204270839691162,0.6640739440917969,0.2436468601226806,0.1729093790054321,0.1410009562969207,0.0
152,0,0.3904678225517273,0.4210715591907501,0.6578830480575562,0.236811488866806,0.1729093790054321,0.1370452493429184,0.0
153,0,0.3912450969219208,0.4221554696559906,0.6524282693862915,0.2302727997303009,0.1729093790054321,0.1332612484693527,0.0
154,0,0.3918892741203308,0.4228172600269317,0.6486775279045105,0.2258602678775787,0.1729093790054321,0.1307076662778854,0.0
155,0,0.3924809396266937,0.4233033657073974,0.6397877335548401,0.2164843678474426,0.1729093790054321,0.125281736254692,0.0
156,0,0.3931921124458313,0.423570454120636,0.6422897577285767,0.2187193036079406,0.1729093790054321,0.1265751123428344,0.0
157,0,0.394491583108902,0.4234762489795685,0.6489312052726746,0.225454956293106,0.1729093790054321,0.130473107099533,0.0
158,0,0.3957841396331787,0.4252404272556305,0.6580958962440491,0.2328554689884185,0.1729093790054321,0.134755864739418,0.0
159,0,0.3970544636249542,0.4278842806816101,0.6723690629005432,0.2444847822189331,0.1729093790054321,0.1414858698844909,0.0
160,0,0.3985533714294433,0.4302580952644348,0.6824735403060913,0.2522154450416565,0.1729093790054321,0.1459596753120422,0.0
161,0,0.4001059532165527,0.4324244260787964,0.691735565662384,0.2593111395835876,0.1729093790054321,0.1500660330057144,0.0
162,0,0.401660680770874,0.4342349469661712,0.7005367875099182,0.2663018405437469,0.1729093790054321,0.154111623764038,0.0
163,0,0.4031577706336975,0.4356213510036468,0.7090092301368713,0.2733878791332245,0.1729093790054321,0.1582123935222625,0.0
164,0,0.404546856880188,0.4365132451057434,0.724646270275116,0.2881330251693725,0.1729093790054321,0.1667455583810806,0.0
165,0,0.405654102563858,0.4379816055297851,0.7294613718986511,0.2914797663688659,0.1729093790054321,0.1686823517084121,0.0
166,0,0.4069890081882477,0.4388878345489502,0.7311012744903564,0.2922134399414062,0.1729093790054321,0.1691069304943084,0.0
167,0,0.4087240099906921,0.4395576119422912,0.7285842299461365,0.2890266180038452,0.1729093790054321,0.1672626882791519,0.0
168,0,0.4102240800857544,0.4423808157444,0.7192508578300476,0.2768700420856476,0.1729093790054321,0.1602275520563125,0.0
169,0,0.4118307828903198,0.4447728395462036,0.7121397852897644,0.2673669457435608,0.1729093790054321,0.1547280102968216,0.0
170,0,0.4134223163127899,0.4468571543693542,0.7043003439903259,0.2574431896209717,0.1729093790054321,0.1489850282669067,0.0
171,0,0.4149164855480194,0.4485068619251251,0.6932023167610168,0.2446954548358917,0.1729093790054321,0.141607791185379,0.0
172,0,0.4162353873252868,0.4495981633663177,0.6861132383346558,0.236515074968338,0.1729093790054321,0.1368737071752548,0.0
173,0,0.4173226356506347,0.4501875638961792,0.6794261932373047,0.2292386293411255,0.1729093790054321,0.132662758231163,0.0
174,0,0.4180508852005005,0.4511347115039825,0.6750043034553528,0.2238695919513702,0.1729093790054321,0.1295556426048278,0.0
175,0,0.4190095365047455,0.4514531791210174,0.6781789064407349,0.2267257273197174,0.1729093790054321,0.131208524107933,0.0
176,0,0.4202787280082702,0.452042669057846,0.6842330694198608,0.2321904003620147,0.1729093790054321,0.1343709826469421,0.0
177,0,0.4214260876178741,0.4544625878334045,0.6939714550971985,0.2395088672637939,0.1729093790054321,0.1386062502861023,0.0
178,0,0.4227768182754516,0.4565942585468292,0.7019069194793701,0.2453126609325409,0.1729093790054321,0.1419649720191955,0.0
179,0,0.4241930842399597,0.4584809243679046,0.7209271788597107,0.262446254491806,0.1729093790054321,0.1518803536891937,0.0
180,0,0.4256593883037567,0.4600940942764282,0.7291852831840515,0.2690911889076233,0.1729093790054321,0.1557258516550064,0.0
181,0,0.4270575046539306,0.461233526468277,0.7371438145637512,0.2759102880954742,0.1729093790054321,0.159672126173973,0.0
182,0,0.4282264411449432,0.4622582495212555,0.7444409132003784,0.2821826636791229,0.1729093790054321,0.1633020192384719,0.0
183,0,0.4293923079967499,0.4632668197154999,0.7531548738479614,0.2898880541324615,0.1729093790054321,0.1677612066268921,0.0
184,0,0.4310012459754944,0.4638600349426269,0.7502228021621704,0.2863627672195434,0.1729093790054321,0.1657210886478424,0.0
185,0,0.4324270188808441,0.4663728773593902,0.7421548366546631,0.2757819592952728,0.1729093790054321,0.1595978587865829,0.0
186,0,0.4339414238929748,0.4686748683452606,0.7348575592041016,0.2661826908588409,0.1729093790054321,0.1540426760911941,0.0
187,0,0.4354434907436371,0.4706434309482574,0.7261340022087097,0.2554905712604522,0.1729093790054321,0.1478550285100937,0.0
188,0,0.4368433356285095,0.4721490740776062,0.7183204293251038,0.2461713552474975,0.1729093790054321,0.142461895942688,0.0
189,0,0.438079297542572,0.4730989038944244,0.710586667060852,0.2374877631664276,0.1729093790054321,0.1374366134405136,0.0
190,0,0.4390631318092346,0.4737567603588104,0.7038416266441345,0.2300848662853241,0.1729093790054321,0.1331524848937988,0.0
191,0,0.4400334358215332,0.474272221326828,0.7054738998413086,0.2312016785144806,0.1729093790054321,0.1337987929582595,0.0
192,0,0.4411917328834533,0.4752460122108459,0.7099049687385559,0.2346589565277099,0.1729093790054321,0.1357995569705963,0.0
193,0,0.4423618614673614,0.4774267375469208,0.7194467782974243,0.2420200407505035,0.1729093790054321,0.1400595009326934,0.0
194,0,0.443671703338623,0.4793805480003357,0.7358620166778564,0.2564814686775207,0.1729093790054321,0.1484284698963165,0.0
195,0,0.4450708627700805,0.4810769259929657,0.7446349859237671,0.2635580599308014,0.1729093790054321,0.1525237709283828,0.0
196,0,0.4464346766471863,0.482353925704956,0.7527809143066406,0.2704269886016845,0.1729093790054321,0.1564988940954208,0.0
197,0,0.4476880431175232,0.4831178188323974,0.761089563369751,0.2779717445373535,0.1729093790054321,0.1608651131391525,0.0
198,0,0.4488047957420349,0.4841743111610412,0.7701276540756226,0.2859533429145813,0.1729093790054321,0.165484145283699,0.0
199,0,0.4502691030502319,0.4850244224071502,0.7678435444831848,0.2828191220760345,0.1729093790054321,0.1636703461408615,0.0
200,0,0.4516590535640716,0.48729208111763,0.7602609395980835,0.2729688584804535,0.1729093790054321,0.1579698920249939,0.0
201,0,0.4531018137931824,0.4894697070121765,0.7521090507507324,0.2626393437385559,0.1729093790054321,0.1519920974969864,0.0
202,0,0.4545184373855591,0.4912636578083038,0.7438663840293884,0.2526027262210846,0.1729093790054321,0.1461838036775589,0.0
203,0,0.4558216035366058,0.4925651848316192,0.7358440160751343,0.243278831243515,0.1729093790054321,0.1407879739999771,0.0
204,0,0.4569421708583832,0.4932710528373718,0.7277905941009521,0.2345195412635803,0.1729093790054321,0.1357188820838928,0.0
205,0,0.4579262137413025,0.4938191175460815,0.72641521692276,0.2325960993766784,0.1729093790054321,0.1346057653427124,0.0
206,0,0.4590103328227997,0.4947384297847748,0.7292495965957642,0.2345111668109893,0.1729093790054321,0.1357140392065048,0.0
207,0,0.460155576467514,0.4966395795345306,0.7377232909202576,0.2410837113857269,0.1729093790054321,0.1395176351070404,0.0
208,0,0.4614019095897674,0.4985325336456299,0.7458224892616272,0.2472899556159973,0.1729093790054321,0.1431092470884323,0.0
209,0,0.4626972675323486,0.500085711479187,0.7555162906646729,0.2554305791854858,0.1729093790054321,0.147820308804512,0.0
210,0,0.4639550149440765,0.5012238025665283,0.7662144899368286,0.2649906873703003,0.1729093790054321,0.1533528417348861,0.0
211,0,0.4651345908641815,0.5019082427024841,0.7773009538650513,0.2753927111625671,0.1729093790054321,0.1593725979328155,0.0
212,0,0.4663248658180237,0.5027236938476562,0.7811694741249084,0.2784457802772522,0.1729093790054321,0.1611394435167312,0.0
213,0,0.467647522687912,0.5042034387588501,0.7788324356079102,0.27462899684906,0.1729093790054321,0.158930629491806,0.0
214,0,0.4690066576004028,0.5064438581466675,0.7692689299583435,0.262825071811676,0.1729093790054321,0.1520995795726776,0.0
215,0,0.4703675806522369,0.508320689201355,0.7618072628974915,0.2534865736961365,0.1729093790054321,0.1466953009366989,0.0
216,0,0.4716572165489197,0.5097317099571228,0.7521583437919617,0.2424266338348388,0.1729093790054321,0.1402947902679443,0.0
217,0,0.4727791249752044,0.5105611681938171,0.7442697286605835,0.2337085604667663,0.1729093790054321,0.1352495551109314,0.0
218,0,0.473791092634201,0.5110759735107422,0.7396255731582642,0.2285495996475219,0.1729093790054321,0.1322640180587768,0.0
219,0,0.4748176336288452,0.512042224407196,0.7355942130088806,0.2235519886016845,0.1729093790054321,0.1293718367815017,0.0
220,0,0.4758949279785156,0.5137338042259216,0.7405304312705994,0.2267966270446777,0.1729093790054321,0.1312495470046997,0.0
221,0,0.4770281016826629,0.5154423713684082,0.7480629682540894,0.2326205968856811,0.1729093790054321,0.1346199363470077,0.0
222,0,0.4781927764415741,0.5167762637138367,0.7519837021827698,0.2352074384689331,0.1729093790054321,0.1361169666051864,0.0
223,0,0.4792738854885101,0.5176217555999756,0.7635601758956909,0.2459384202957153,0.1729093790054321,0.1423271000385284,0.0
224,0,0.4803187251091003,0.518160879611969,0.7735911011695862,0.2554302215576172,0.1729093790054321,0.1478201001882553,0.0
225,0,0.4814378917217254,0.519084095954895,0.7774802446365356,0.2583961486816406,0.1729093790054321,0.149536520242691,0.0
226,0,0.4826598167419433,0.5208540558815002,0.7745476961135864,0.2536936402320862,0.1729093790054321,0.1468151211738586,0.0
227,0,0.4839083552360534,0.5227952003479004,0.7675144076347351,0.2447192072868347,0.1729093790054321,0.1416215300559997,0.0
228,0,0.4851343631744385,0.5243002772331238,0.7591111660003662,0.2348108887672424,0.1729093790054321,0.1358874887228012,0.0
229,0,0.4862312972545624,0.5252698063850403,0.7500085234642029,0.2247387170791626,0.1729093790054321,0.130058616399765,0.0
230,0,0.4871911406517029,0.5257745385169983,0.7399932146072388,0.2142186760902404,0.1729093790054321,0.1239705607295036,0.0
231,0,0.4881137013435364,0.5264550447463989,0.735862135887146,0.209407091140747,0.1729093790054321,0.1211860477924346,0.0
232,0,0.4890848994255066,0.5278662443161011,0.736306369304657,0.2084401249885559,0.1729093790054321,0.1206264495849609,0.0
233,0,0.4900851845741272,0.5294768810272217,0.7441283464431763,0.2146514654159546,0.1729093790054321,0.1242210194468498,0.0
234,0,0.4911277294158935,0.5307283997535706,0.7531770467758179,0.2224486470222473,0.1729093790054321,0.1287333220243454,0.0
235,0,0.4921208620071411,0.5315249562263489,0.7642319202423096,0.2327069640159607,0.1729093790054321,0.1346699148416519,0.0
236,0,0.4930885136127472,0.5320162177085876,0.7718167304992676,0.2398005127906799,0.1729093790054321,0.138775035738945,0.0
237,0,0.4941266477108001,0.53291255235672,0.7756693363189697,0.2427567839622497,0.1729093790054321,0.1404858529567718,0.0
238,0,0.4952583014965057,0.5346086025238037,0.7711255550384521,0.2365169525146484,0.1729093790054321,0.1368747949600219,0.0
239,0,0.4963971972465515,0.5363438129425049,0.7659494280815125,0.2296056151390075,0.1729093790054321,0.1328751444816589,0.0
240,0,0.4975034594535827,0.5376197695732117,0.7567412853240967,0.219121515750885,0.1729093790054321,0.1268078833818435,0.0
241,0,0.4984561800956726,0.5383166670799255,0.7455489635467529,0.2072322964668274,0.1729093790054321,0.1199274659156799,0.0
242,0,0.4992991685867309,0.5386797785758972,0.737582802772522,0.1989030241966247,0.1729093790054321,0.1151072308421135,0.0
243,0,0.5001540780067444,0.5395358204841614,0.7359422445297241,0.1964064240455627,0.1729093790054321,0.1136624217033386,0.0
244,0,0.5010552406311035,0.5410775542259216,0.7431944608688354,0.2021169066429138,0.1729093790054321,0.1169671416282653,0.0
245,0,0.5020110011100769,0.5424582362174988,0.7514104247093201,0.2089521884918213,0.1729093790054321,0.1209227889776229,0.0
246,0,0.5029655694961548,0.5434052348136902,0.7591269016265869,0.2157216668128967,0.1729093790054321,0.1248403564095497,0.0
247,0,0.5038526058197021,0.5439028143882751,0.7701869606971741,0.2262841463088989,0.1729093790054321,0.1309529691934585,0.0
248,0,0.5047842860221863,0.5444859266281128,0.7759932279586792,0.2315073013305664,0.1729093790054321,0.1339756697416305,0.0
249,0,0.5058191418647766,0.5458280444145203,0.7758738994598389,0.2300458550453186,0.1729093790054321,0.1331299096345901,0.0
250,0,0.5068871974945068,0.5475781559944153,0.7677323818206787,0.2201542258262634,0.1729093790054321,0.1274055242538452,0.0
251,0,0.5079295039176941,0.5488783121109009,0.7592757344245911,0.2103974223136901,0.1729093790054321,0.1217591613531112,0.0
252,0,0.5088425874710083,0.5496225357055664,0.7505635023117065,0.2009409666061401,0.1729093790054321,0.1162866130471229,0.0
253,0,0.5096426010131836,0.5499590635299683,0.7412214875221252,0.1912624239921569,0.1729093790054321,0.1106855347752571,0.0
254,0,0.5104374289512634,0.5506405830383301,0.7391051650047302,0.1884645819664001,0.1729093790054321,0.1090663969516754,0.0
255,0,0.5112822651863098,0.5520464777946472,0.7435396313667297,0.1914931535720825,0.1729093790054321,0.1108190640807151,0.0
256,0,0.5121626257896423,0.553391695022583,0.7519338130950928,0.1985421180725097,0.1729093790054321,0.1148983687162399,0.0
257,0,0.5130519866943359,0.5543055534362793,0.7623885869979858,0.2080830335617065,0.1729093790054321,0.1204198002815246,0.0
258,0,0.5138896703720093,0.5547848343849182,0.7723868489265442,0.2176020145416259,0.1729093790054321,0.1259285360574722,0.0
259,0,0.5147706866264343,0.5553244948387146,0.7790619134902954,0.2237374186515808,0.1729093790054321,0.1294791549444198,0.0
260,0,0.5157572627067566,0.5566225647926331,0.7769410014152527,0.2203184366226196,0.1729093790054321,0.1275005489587783,0.0
261,0,0.5167606472969055,0.5582671165466309,0.7715473771095276,0.2132802605628967,0.1729093790054321,0.1234274879097938,0.0
262,0,0.5177435278892517,0.5594601631164551,0.7626125812530518,0.2031524181365966,0.1729093790054321,0.1175663992762565,0.0
263,0,0.5185847282409668,0.5600709915161133,0.750948429107666,0.1908774375915527,0.1729093790054321,0.1104627400636673,0.0
264,0,0.5193145275115967,0.5603173971176147,0.742992103099823,0.1826747059822082,0.1729093790054321,0.105715736746788,0.0
265,0,0.5200650691986084,0.5610730648040771,0.7419794201850891,0.1809063553810119,0.1729093790054321,0.1046923771500587,0.0
266,0,0.5208572149276733,0.5625151991844177,0.7503638863563538,0.187848687171936,0.1729093790054321,0.1087099760770797,0.0
267,0,0.5217040181159973,0.5637162923812866,0.7589282989501953,0.1952120065689087,0.1729093790054321,0.1129712015390396,0.0
268,0,0.5225310325622559,0.5644493103027344,0.7685675024986267,0.2041181921958923,0.1729093790054321,0.1181253045797348,0.0
269,0,0.5233213901519775,0.5648145079612732,0.7787636518478394,0.2139491438865661,0.1729093790054321,0.1238145753741264,0.0
270,0,0.5241950750350952,0.5655267238616943,0.7818375825881958,0.2163108587265014,0.1729093790054321,0.1251813322305679,0.0
271,0,0.5251529216766357,0.5670125484466553,0.7788004875183105,0.2117879390716552,0.1729093790054321,0.1225638687610626,0.0
272,0,0.52610844373703,0.5684607028961182,0.7703744173049927,0.2019137144088745,0.1729093790054321,0.1168495491147041,0.0
273,0,0.5269958972930908,0.5693701505661011,0.760197103023529,0.1908269524574279,0.1729093790054321,0.1104335263371467,0.0
274,0,0.5277359485626221,0.5697385668754578,0.7516231536865234,0.1818845868110656,0.1729093790054321,0.1052584871649742,0.0
275,0,0.5284370183944702,0.57010418176651,0.7460206747055054,0.1759164929389953,0.1729093790054321,0.1018046885728836,0.0
276,0,0.5291829705238342,0.5711745619773865,0.7496982216835022,0.1785236597061157,0.1729093790054321,0.1033134832978248,0.0
277,0,0.5299596786499023,0.5725288391113281,0.7570391893386841,0.1845103502273559,0.1729093790054321,0.1067780405282974,0.0
278,0,0.5307654142379761,0.5734661221504211,0.7669536471366882,0.1934875249862671,0.1729093790054321,0.111973226070404,0.0
279,0,0.5315236449241638,0.5739474892616272,0.7782396078109741,0.2042921185493469,0.1729093790054321,0.1182259544730186,0.0
280,0,0.5323144197463989,0.5743646621704102,0.7858095169067383,0.2114448547363281,0.1729093790054321,0.1223653182387352,0.0
281,0,0.5332142114639282,0.5754842758178711,0.7844729423522949,0.2089886665344238,0.1729093790054321,0.120943896472454,0.0
282,0,0.5341295003890991,0.5770229697227478,0.7751933932304382,0.1981704235076904,0.1729093790054321,0.1146832704544067,0.0
283,0,0.535003662109375,0.5780704021453857,0.7654078006744385,0.1873373985290527,0.1729093790054321,0.1084140837192535,0.0
284,0,0.5357406139373779,0.5785486102104187,0.7569762468338013,0.1784276366233825,0.1729093790054321,0.103257916867733,0.0
285,0,0.5363978147506714,0.5787716507911682,0.7501394152641296,0.1713677644729614,0.1729093790054321,0.099172294139862,0.0
286,0,0.537092387676239,0.5795705318450928,0.7503031492233276,0.1707326173782348,0.1729093790054321,0.0988047271966934,0.0
287,0,0.5378132462501526,0.5809286832809448,0.7599464058876038,0.1790177226066589,0.1729093790054321,0.1035994067788124,0.0
288,0,0.5385851263999939,0.581926703453064,0.7691015601158142,0.1871748566627502,0.1729093790054321,0.1083200201392173,0.0
289,0,0.5393180251121521,0.5824472308158875,0.600364089012146,0.0179168581962585,0.1729093790054321,0.0103686703369021,0.0
290,0,0.5392584800720215,0.5816798210144043,0.6085916757583618,0.0269118547439575,0.1729093790054321,0.0155741684138774,0.0
291,0,0.5392403602600098,0.5817325115203857,0.6083279252052307,0.0265954136848449,0.1729093790054321,0.0153910405933856,0.0
292,0,0.5392752885818481,0.582317590713501,0.5953470468521118,0.0130294561386108,0.1729093790054321,0.0075402809306979,0.0
293,0,0.5392560362815857,0.5824621319770813,0.5867526531219482,0.0042905211448669,0.1729093790054321,0.0024829688481986,0.0
294,0,0.5391554236412048,0.5821134448051453,0.578925609588623,-0.0031878352165222,0.1729093790054321,0.0,0.0080793118104338
295,0,0.5386067628860474,0.5810863375663757,0.5751510858535767,-0.005935251712799,0.1729093790054321,0.0,0.0150424176827073
296,0,0.5377094745635986,0.5801647305488586,0.5801936984062195,2.8967857360839844e-05,0.1729093790054321,1.6763997336965986e-05,0.0
297,0,0.5375660061836243,0.580647349357605,0.590756356716156,0.010109007358551,0.1729093790054321,0.0058501870371401,0.0
298,0,0.537510871887207,0.5804663300514221,0.5990219116210938,0.0185555815696716,0.1729093790054321,0.0107383066788315,0.0
299,0,0.5373669862747192,0.5798419117927551,0.6068935990333557,0.0270516872406005,0.1729093790054321,0.0156550910323858,0.0
300,0,0.5370731353759766,0.5792984962463379,0.6113135814666748,0.0320150852203369,0.1729093790054321,0.0185274593532085,0.0
301,0,0.5370169878005981,0.5785049200057983,0.6049140095710754,0.0264090895652771,0.1729093790054321,0.0152832129970192,0.0
302,0,0.5369670391082764,0.5791077017784119,0.5946484804153442,0.0155407786369323,0.1729093790054321,0.0089936088770627,0.0
303,0,0.5369352698326111,0.5797439813613892,0.584926962852478,0.0051829814910888,0.1729093790054321,0.0029994449578225,0.0
304,0,0.5368843078613281,0.5798901319503784,0.5651342868804932,-0.0147558450698852,0.1729093790054321,0.0,0.0373975038528442
305,0,0.534827470779419,0.5769091844558716,0.5584895610809326,-0.0184196233749389,0.1729093790054321,0.0,0.0466830544173717
306,0,0.5321853756904602,0.5740128755569458,0.5618818998336792,-0.0121309757232666,0.1729093790054321,0.0,0.030744981020689
307,0,0.5303006172180176,0.5724144577980042,0.5808922052383423,0.0084777474403381,0.1729093790054321,0.004906159825623,0.0
308,0,0.5300878286361694,0.5723111629486084,0.5879870653152466,0.0156759023666381,0.1729093790054321,0.0090718064457178,0.0
309,0,0.529827356338501,0.5714672803878784,0.5951116681098938,0.0236443877220153,0.1729093790054321,0.0136832511052489,0.0
310,0,0.5293869972229004,0.5707291960716248,0.6203744411468506,0.0496452450752258,0.1729093790054321,0.0287302155047655,0.0
311,0,0.5290006995201111,0.5702596306800842,0.6205966472625732,0.050337016582489,0.1729093790054321,0.0291305501013994,0.0
312,0,0.528633177280426,0.5697923302650452,0.6206380724906921,0.0508457422256469,0.1729093790054321,0.0294249560683965,0.0
313,0,0.5285452008247375,0.5692077875137329,0.6075356602668762,0.0383278727531433,0.1729093790054321,0.0221807360649108,0.0
314,0,0.5286891460418701,0.5695592761039734,0.600113570690155,0.0305542945861816,0.1729093790054321,0.017682084813714,0.0
315,0,0.5286679863929749,0.5706027150154114,0.5926539897918701,0.0220512747764587,0.1729093790054321,0.0127613004297018,0.0
316,0,0.5287156701087952,0.5710285305976868,0.5820362567901611,0.0110077261924743,0.1729093790054321,0.0063702845945954,0.0
317,0,0.5286920666694641,0.5710095167160034,0.5354344248771667,-0.0355750918388366,0.1729093790054321,0.0,0.0901622101664543
318,0,0.5239187479019165,0.5643213987350464,0.5332556366920471,-0.0310657620429992,0.1729093790054321,0.0,0.0787336751818656
319,0,0.519298255443573,0.5599170923233032,0.5423909425735474,-0.0175261497497558,0.1729093790054321,0.0,0.0444186180830001
320,0,0.5165532231330872,0.5570926070213318,0.5494619011878967,-0.007630705833435,0.1729093790054321,0.0,0.0193394105881452
321,0,0.5150619745254517,0.5552542209625244,0.5188461542129517,-0.0364080667495727,0.1729093790054321,0.0,0.0922733172774314
322,0,0.5094024538993835,0.5485925674438477,0.5235785245895386,-0.025014042854309,0.1729093790054321,0.0,0.063396081328392
323,0,0.5051229596138,0.5441209077835083,0.5268840789794922,-0.0172368288040161,0.1729093790054321,0.0,0.0436853542923927
324,0,0.502008318901062,0.5406522154808044,0.528294026851654,-0.0123581886291503,0.1729093790054321,0.0,0.0313208363950252
325,0,0.4994308054447174,0.5395764112472534,0.6744210124015808,0.1348446011543274,0.1729093790054321,0.0780359655618667,0.0
326,0,0.5002093315124512,0.53938889503479,0.6698726415634155,0.1304837465286255,0.1729093790054321,0.0755122900009155,0.0
327,0,0.5009570121765137,0.5401143431663513,0.6611034870147705,0.1209891438484191,0.1729093790054321,0.0700176656246185,0.0
328,0,0.5014553666114807,0.541532039642334,0.6264804005622864,0.0849483609199523,0.1729093790054321,0.0491604916751384,0.0
329,0,0.5018329620361328,0.5421189665794373,0.6162152886390686,0.0740963220596313,0.1729093790054321,0.0428803078830242,0.0
330,0,0.5021612644195557,0.542395830154419,0.6111481785774231,0.0687523484230041,0.1729093790054321,0.0397876948118209,0.0
331,0,0.5024912357330322,0.5427660942077637,0.6134476065635681,0.0706815123558044,0.1729093790054321,0.0409041196107864,0.0
332,0,0.5027543902397156,0.5430534482002258,0.5986552238464355,0.0556017756462097,0.1729093790054321,0.0321773216128349,0.0
333,0,0.5028653144836426,0.5429674386978149,0.6033434867858887,0.0603760480880737,0.1729093790054321,0.0349402427673339,0.0
334,0,0.5028268098831177,0.5429164171218872,0.6070080399513245,0.0640916228294372,0.1729093790054321,0.0370904840528965,0.0
335,0,0.5026459097862244,0.5427696704864502,0.5910083651542664,0.0482386946678161,0.1729093790054321,0.0279162302613258,0.0
336,0,0.502225399017334,0.5423619747161865,0.5939263105392456,0.051564335823059,0.1729093790054321,0.0298408139497041,0.0
337,0,0.5016586184501648,0.5417888164520264,0.5958405137062073,0.0540516972541809,0.1729093790054321,0.0312802754342556,0.0
338,0,0.5009317398071289,0.5410580039024353,0.5968688726425171,0.0558108687400817,0.1729093790054321,0.0322983264923095,0.0
339,0,0.5000366568565369,0.5401697754859924,0.5888266563415527,0.0486568808555603,0.1729093790054321,0.0281582381576299,0.0
340,0,0.4991125166416168,0.5395200252532959,0.5910364389419556,0.0515164136886596,0.1729093790054321,0.0298130810260772,0.0
341,0,0.4982236623764038,0.5388387441635132,0.5927494764328003,0.0539107322692871,0.1729093790054321,0.0311986971646547,0.0
342,0,0.4973572492599487,0.538154125213623,0.5937843918800354,0.0556302666664123,0.1729093790054321,0.0321938097476959,0.0
343,0,0.496507465839386,0.5374674201011658,0.597267210483551,0.0597997903823852,0.1729093790054321,0.0346067547798156,0.0
344,0,0.4956850707530975,0.5367965698242188,0.6002734303474426,0.0634768605232238,0.1729093790054321,0.036734715104103,0.0
345,0,0.4948857724666595,0.5361429452896118,0.6110764741897583,0.0749335289001464,0.1729093790054321,0.0433648079633712,0.0
346,0,0.494146853685379,0.535559356212616,0.6159511208534241,0.0803917646408081,0.1729093790054321,0.0465235449373722,0.0
347,0,0.4934376180171966,0.5350074768066406,0.6203657388687134,0.0853582620620727,0.1729093790054321,0.0493977069854736,0.0
348,0,0.4927569627761841,0.5344764590263367,0.6242961287498474,0.0898196697235107,0.1729093790054321,0.0519795678555965,0.0
349,0,0.4921011626720428,0.5339652895927429,0.6471620798110962,0.1131967902183532,0.1729093790054321,0.0655081495642662,0.0
350,0,0.4915628433227539,0.5335975289344788,0.6527934670448303,0.1191959381103515,0.1729093790054321,0.0689799189567565,0.0
351,0,0.4910476505756378,0.5332863330841064,0.6578392386436462,0.1245529055595398,0.1729093790054321,0.0720800533890724,0.0
352,0,0.4905579686164856,0.5330093502998352,0.6897889971733093,0.1567796468734741,0.1729093790054321,0.090729996562004,0.0
353,0,0.4902334213256836,0.5329145193099976,0.6962947249412537,0.1633802056312561,0.1729093790054321,0.0945498123764991,0.0
354,0,0.4897586703300476,0.5318294167518616,0.7073065638542175,0.1754771471023559,0.1729093790054321,0.1015504375100135,0.0
355,0,0.4893482625484466,0.530829131603241,0.7173798680305481,0.1865507364273071,0.1729093790054321,0.1079588383436203,0.0
356,0,0.4890553653240204,0.5295523405075073,0.726668119430542,0.1971157789230346,0.1729093790054321,0.1140729337930679,0.0
357,0,0.4884048104286194,0.5285643935203552,0.7754623293876648,0.2468979358673095,0.1729093790054321,0.1428823769092559,0.0
358,0,0.4884090423583984,0.5280020833015442,0.7843194603919983,0.2563173770904541,0.1729093790054321,0.1483335047960281,0.0
359,0,0.4889276623725891,0.5273403525352478,0.7919453382492065,0.2646049857139587,0.1729093790054321,0.1531296372413635,0.0
360,0,0.4897497296333313,0.5274920463562012,0.7948330044746399,0.2673409581184387,0.1729093790054321,0.154712975025177,0.0
361,0,0.4911423027515411,0.528268039226532,0.7886947393417358,0.2604267001152038,0.1729093790054321,0.1507116109132766,0.0
362,0,0.4921982288360595,0.5310741662979126,0.781963586807251,0.2508894205093384,0.1729093790054321,0.1451922953128814,0.0
363,0,0.4934662580490112,0.53299480676651,0.7726410031318665,0.2396461963653564,0.1729093790054321,0.1386857330799102,0.0
364,0,0.4946216940879822,0.5345450043678284,0.7246765494346619,0.1901315450668335,0.1729093790054321,0.1100310832262039,0.0
365,0,0.4954431056976318,0.5352077484130859,0.7142243385314941,0.1790165901184082,0.1729093790054321,0.1035987511277198,0.0
366,0,0.495943009853363,0.5356362462043762,0.7045502662658691,0.1689140200614929,0.1729093790054321,0.0977522879838943,0.0
367,0,0.4961580634117126,0.5358449220657349,0.6964300870895386,0.1605851650238037,0.1729093790054321,0.092932291328907,0.0
368,0,0.4960835874080658,0.5358160734176636,0.6888458132743835,0.1530297398567199,0.1729093790054321,0.0885598883032798,0.0
369,0,0.4957152009010315,0.5355342030525208,0.6318941116333008,0.09635990858078,0.1729093790054321,0.0557644739747047,0.0
370,0,0.4948112964630127,0.5346342921257019,0.6264045834541321,0.0917702913284301,0.1729093790054321,0.053108412772417,0.0
371,0,0.4936316609382629,0.533397912979126,0.6207459568977356,0.0873480439186096,0.1729093790054321,0.0505492128431797,0.0
372,0,0.4923304915428161,0.5340380072593689,0.6173924803733826,0.0833544731140136,0.1729093790054321,0.0482380948960781,0.0
373,0,0.4916601777076721,0.5340009927749634,0.5774950981140137,0.0434941053390502,0.1729093790054321,0.0251704882830381,0.0
374,0,0.4909320473670959,0.5330390930175781,0.5770654678344727,0.0440263748168945,0.1729093790054321,0.0254785176366567,0.0
375,0,0.490193247795105,0.5319985747337341,0.5752367377281189,0.0432381629943847,0.1729093790054321,0.0250223707407712,0.0
376,0,0.4894161820411682,0.5309903025627136,0.5727368593215942,0.0417465567588806,0.1729093790054321,0.024159163236618,0.0
377,0,0.4886139631271362,0.5299728512763977,0.5393361449241638,0.0093632936477661,0.1729093790054321,0.0054186345078051,0.0
378,0,0.4876269698143005,0.5287801027297974,0.5380391478538513,0.0092590451240539,0.1729093790054321,0.0053583048284053,0.0
379,0,0.4866387844085693,0.5275589823722839,0.5362240672111511,0.0086650848388671,0.1729093790054321,0.0050145741552114,0.0
380,0,0.4856392443180084,0.5263397097587585,0.5339200496673584,0.0075803399085998,0.1729093790054321,0.0043868208304047,0.0
381,0,0.4846261143684387,0.5251250863075256,0.5120368599891663,-0.0130882263183593,0.1729093790054321,0.0,0.0331710577011108
382,0,0.4814679622650146,0.522628664970398,0.5114295482635498,-0.0111991167068481,0.1729093790054321,0.0,0.0283832605928182
383,0,0.4787312746047973,0.5199396014213562,0.510520339012146,-0.0094192624092102,0.1729093790054321,0.0,0.0238723624497652
384,0,0.4763002395629883,0.5173753499984741,0.4988185167312622,-0.0185568332672119,0.1729093790054321,0.0,0.0470307990908622
385,0,0.4724130630493164,0.5139371752738953,0.4999496936798095,-0.0139874815940856,0.1729093790054321,0.0,0.0354501456022262
386,0,0.4693387448787689,0.5107215642929077,0.5008832216262817,-0.0098383426666259,0.1729093790054321,0.0,0.0249344874173402
387,0,0.4669148027896881,0.5079900026321411,0.4997227489948272,-0.0082672536373138,0.1729093790054321,0.0,0.0209526885300874
388,0,0.4647130370140075,0.5055388808250427,0.5028651356697083,-0.0026737451553344,0.1729093790054321,0.0,0.006776391994208
389,0,0.4633809924125671,0.5037383437156677,0.5058059692382812,0.0020676255226135,0.1729093790054321,0.0011965562589466,0.0
390,0,0.4624422788619995,0.5023775100708008,0.508501410484314,0.0061239004135131,0.1729093790054321,0.0035439643543213,0.0
391,0,0.4614990353584289,0.5011427998542786,0.5211537480354309,0.0200109481811523,0.1729093790054321,0.011580541729927,0.0
392,0,0.460622489452362,0.5000348687171936,0.5262612104415894,0.0262263417243957,0.1729093790054321,0.0151774547994136,0.0
393,0,0.4597724974155426,0.4989990592002868,0.5310457348823547,0.0320466756820678,0.1729093790054321,0.0185457412153482,0.0
394,0,0.4589503109455108,0.4980202317237854,0.5354872941970825,0.0374670624732971,0.1729093790054321,0.0216825753450393,0.0
395,0,0.4581545293331146,0.4970921874046325,0.5616275072097778,0.0645353198051452,0.1729093790054321,0.0373472571372985,0.0
396,0,0.4575001895427704,0.4963623285293579,0.5682110786437988,0.0718487501144409,0.1729093790054321,0.0415796115994453,0.0
397,0,0.4568736553192138,0.4957224428653717,0.5743553042411804,0.0786328613758087,0.1729093790054321,0.0455056466162204,0.0
398,0,0.4562795162200928,0.4951443076133728,0.5800377130508423,0.0848934054374694,0.1729093790054321,0.0491286888718605,0.0
399,0,0.4557168781757355,0.494617611169815,0.6183695793151855,0.1237519681453704,0.1729093790054321,0.0716165378689765,0.0
400,0,0.4553612172603607,0.4943608045578003,0.6256788372993469,0.1313180327415466,0.1729093790054321,0.0759951025247573,0.0
401,0,0.4550340473651886,0.494189441204071,0.6323485970497131,0.1381591558456421,0.1729093790054321,0.079954132437706,0.0
402,0,0.454598605632782,0.4929786920547485,0.634739875793457,0.1417611837387085,0.1729093790054321,0.0820386633276939,0.0
403,0,0.4541647732257843,0.4918927550315857,0.6376444697380066,0.1457517147064209,0.1729093790054321,0.0843480229377746,0.0
404,0,0.4539702832698822,0.4891375303268432,0.6851608753204346,0.1960233449935913,0.1729093790054321,0.1134407296776771,0.0
405,0,0.4537579417228699,0.4891502261161804,0.6930665373802185,0.203916311264038,0.1729093790054321,0.1180084720253944,0.0
406,0,0.4542289972305298,0.488564521074295,0.7003347277641296,0.2117702066898346,0.1729093790054321,0.122553601861,0.0
407,0,0.4551622569561004,0.4890388250350952,0.7138112783432007,0.2247724533081054,0.1729093790054321,0.1300781369209289,0.0
408,0,0.4561962485313415,0.4912247657775879,0.7201016545295715,0.2288768887519836,0.1729093790054321,0.1324534118175506,0.0
409,0,0.4573704600334167,0.4934924244880676,0.72690749168396,0.2334150671958923,0.1729093790054321,0.1350797116756439,0.0
410,0,0.4586182236671448,0.4954557120800018,0.7360004782676697,0.2405447661876678,0.1729093790054321,0.1392057389020919,0.0
411,0,0.4598658680915832,0.4970376491546631,0.7464835047721863,0.2494458556175232,0.1729093790054321,0.1443568915128708,0.0
412,0,0.4610582888126373,0.4981431365013122,0.7577706575393677,0.2596275210380554,0.1729093790054321,0.1502491235733032,0.0
413,0,0.4620576500892639,0.4990754127502441,0.7682284712791443,0.2691530585289001,0.1729093790054321,0.1557616591453552,0.0
414,0,0.4628490209579468,0.5000032186508179,0.7204007506370544,0.2203975319862365,0.1729093790054321,0.1275463253259658,0.0
415,0,0.4631332457065582,0.5004363656044006,0.7265862226486206,0.2261498570442199,0.1729093790054321,0.1308752596378326,0.0
416,0,0.4631907343864441,0.5007343292236328,0.7303723096847534,0.2296379804611206,0.1729093790054321,0.1328938752412796,0.0
417,0,0.4630047380924225,0.5008471012115479,0.7319185733795166,0.2310714721679687,0.1729093790054321,0.1337234377861023,0.0
418,0,0.4625588953495025,0.5007358193397522,0.7314045429229736,0.2306687235832214,0.1729093790054321,0.1334903687238693,0.0
419,0,0.4620013236999511,0.5026366114616394,0.6805914640426636,0.1779548525810241,0.1729093790054321,0.1029843091964721,0.0
420,0,0.4615656733512878,0.5028505325317383,0.6779032945632935,0.1750527620315551,0.1729093790054321,0.1013048365712165,0.0
421,0,0.4614281058311462,0.5035135746002197,0.6706867218017578,0.167173147201538,0.1729093790054321,0.0967448279261589,0.0
422,0,0.4614125788211822,0.5033293962478638,0.6657982468605042,0.1624688506126403,0.1729093790054321,0.0940224006772041,0.0
423,0,0.4613309800624847,0.5031178593635559,0.6244862675666809,0.121368408203125,0.1729093790054321,0.0702371522784233,0.0
424,0,0.4609895348548889,0.5026834011077881,0.621537446975708,0.1188540458679199,0.1729093790054321,0.0687820613384246,0.0
425,0,0.4606525003910064,0.5020913481712341,0.6186997294425964,0.1166083812713623,0.1729093790054321,0.0674824714660644,0.0
426,0,0.4602827429771423,0.5014849901199341,0.6154104471206665,0.1139254570007324,0.1729093790054321,0.0659298375248909,0.0
427,0,0.4598799049854278,0.5008617043495178,0.407273918390274,-0.0935877859592437,0.1729093790054321,0.0,0.2371907085180282
428,0,0.4436086118221283,0.4913169741630554,0.4032937586307525,-0.0880232155323028,0.1729093790054321,0.0,0.2230877578258514
429,0,0.4290503859519958,0.4796182215213775,0.399427980184555,-0.0801902413368225,0.1729093790054321,0.0,0.2032357156276703
430,0,0.4160850942134857,0.4675459265708923,0.3792624473571777,-0.0882834792137146,0.1729093790054321,0.0,0.2237473726272583
431,0,0.4018407166004181,0.4546268582344055,0.3776062726974487,-0.0770205855369567,0.1729093790054321,0.0,0.1952024698257446
432,0,0.3896899223327636,0.4418592751026153,0.3758174777030945,-0.0660417973995208,0.1729093790054321,0.0,0.16737762093544
433,0,0.3794373869895935,0.429734855890274,0.3739268481731415,-0.0558080077171325,0.1729093790054321,0.0,0.1414408981800079
434,0,0.3708589375019073,0.4185802638530731,0.3682941496372223,-0.0502861142158508,0.1729093790054321,0.0,0.1274461150169372
435,0,0.363104373216629,0.4083316326141357,0.3693490624427795,-0.0389825701713562,0.1729093790054321,0.0,0.0987981855869293
436,0,0.3570978939533233,0.3996298611164093,0.3705909550189972,-0.0290389060974121,0.1729093790054321,0.0,0.0735967680811882
437,0,0.3524315953254699,0.392885148525238,0.3734795153141022,-0.0194056332111358,0.1729093790054321,0.0,0.0491820164024829
438,0,0.3491231799125671,0.3877605497837066,0.3774473667144775,-0.0103131830692291,0.1729093790054321,0.0,0.0261379331350326
439,0,0.3471291065216064,0.3840572834014892,0.3924854397773742,0.008428156375885,0.1729093790054321,0.0048774611204862,0.0
440,0,0.3467012047767639,0.3819348812103271,0.3997888267040252,0.0178539454936981,0.1729093790054321,0.0103322621434926,0.0
441,0,0.3462369441986084,0.380275547504425,0.4069631993770599,0.0266876518726348,0.1729093790054321,0.0154444193467497,0.0
442,0,0.345801293849945,0.3788483738899231,0.4140183627605438,0.0351699888706207,0.1729093790054321,0.0203532353043556,0.0
443,0,0.3454062938690185,0.3776005506515503,0.4209488332271576,0.0433482825756073,0.1729093790054321,0.025086099281907,0.0
444,0,0.345054417848587,0.3765127658843994,0.4547535479068756,0.0782407820224762,0.1729093790054321,0.0452787466347217,0.0
445,0,0.3449288606643677,0.3758233189582824,0.4645749628543854,0.0887516438961029,0.1729093790054321,0.0513614937663078,0.0
446,0,0.3450711667537689,0.3751743137836456,0.4739890992641449,0.0988147854804992,0.1729093790054321,0.0571851357817649,0.0
447,0,0.3456380367279053,0.3743028938770294,0.4828614294528961,0.1085585355758667,0.1729093790054321,0.0628239437937736,0.0
448,0,0.346649706363678,0.3733140528202057,0.4894328117370605,0.1161187589168548,0.1729093790054321,0.0671991258859634,0.0
449,0,0.3478327095508575,0.3731427788734436,0.4901221394538879,0.1169793605804443,0.1729093790054321,0.0676971599459648,0.0
450,0,0.3484531939029693,0.3753252029418945,0.4890489280223846,0.1137237250804901,0.1729093790054321,0.0658130943775177,0.0
451,0,0.3492597043514251,0.3768277168273926,0.5294011235237122,0.1525734066963195,0.1729093790054321,0.0882958024740219,0.0
452,0,0.3502993285655975,0.3785117864608764,0.524524450302124,0.1460126638412475,0.1729093790054321,0.0844990387558937,0.0
453,0,0.3512759804725647,0.3796769380569458,0.5173115730285645,0.1376346349716186,0.1729093790054321,0.0796505808830261,0.0
454,0,0.3520999550819397,0.3803738951683044,0.5081697106361389,0.1277958154678344,0.1729093790054321,0.0739567577838897,0.0
455,0,0.3527325987815857,0.3805202841758728,0.4974593222141266,0.1169390380382537,0.1729093790054321,0.0676738247275352,0.0
456,0,0.3530891537666321,0.3802424669265747,0.5375760793685913,0.1573336124420166,0.1729093790054321,0.0910505875945091,0.0
457,0,0.3533513844013214,0.3806442618370056,0.5271568894386292,0.1465126276016235,0.1729093790054321,0.084788367152214,0.0
458,0,0.3534407019615173,0.380464494228363,0.5154458284378052,0.1349813342094421,0.1729093790054321,0.078115090727806,0.0
459,0,0.3532317280769348,0.380045086145401,0.5047787427902222,0.1247336566448211,0.1729093790054321,0.0721846520900726,0.0
460,0,0.3527304530143738,0.3793761134147644,0.4954149127006531,0.1160387992858886,0.1729093790054321,0.0671528503298759,0.0
461,0,0.3523240685462951,0.378787636756897,0.4884392619132995,0.1096516251564025,0.1729093790054321,0.0634565278887748,0.0
462,0,0.3519984483718872,0.378016322851181,0.482266217470169,0.104249894618988,0.1729093790054321,0.0603304877877235,0.0
463,0,0.3517116904258728,0.3772081434726715,0.4844478368759155,0.107239693403244,0.1729093790054321,0.0620607174932956,0.0
464,0,0.3515130877494812,0.3764547407627105,0.4862182438373565,0.109763503074646,0.1729093790054321,0.0635212734341621,0.0
465,0,0.3514117300510406,0.3758675754070282,0.4880779683589935,0.1122103929519653,0.1729093790054321,0.0649373084306716,0.0
466,0,0.3513679802417755,0.3753551244735718,0.4890109598636627,0.1136558353900909,0.1729093790054321,0.0657738074660301,0.0
467,0,0.3513528704643249,0.3749608397483825,0.4891325831413269,0.1141717433929443,0.1729093790054321,0.06607236713171,0.0
468,0,0.3513605296611786,0.374638944864273,0.4429939389228821,0.068354994058609,0.1729093790054321,0.0395577400922775,0.0
469,0,0.3510671257972717,0.3739505112171173,0.4449081718921661,0.0709576606750488,0.1729093790054321,0.0410639308393001,0.0
470,0,0.3507990539073944,0.3733744621276855,0.4462271332740783,0.0728526711463928,0.1729093790054321,0.0421605929732322,0.0
471,0,0.3505577445030212,0.3728684186935425,0.4468938708305359,0.0740254521369934,0.1729093790054321,0.0428392924368381,0.0
472,0,0.3503354489803314,0.3724222779273987,0.4468929469585418,0.0744706690311431,0.1729093790054321,0.0430969446897506,0.0
473,0,0.3501257002353668,0.3720211386680603,0.446204662322998,0.0741835236549377,0.1729093790054321,0.0429307706654071,0.0
474,0,0.3499220013618469,0.3716524541378021,0.4096847176551819,0.0380322635173797,0.1729093790054321,0.0220096632838249,0.0
475,0,0.3494718968868255,0.3709693551063537,0.4121803641319275,0.0412110090255737,0.1729093790054321,0.0238492358475923,0.0
476,0,0.3490451574325561,0.3703743815422058,0.4142702221870422,0.0438958406448364,0.1729093790054321,0.0254029761999845,0.0
477,0,0.3487046957015991,0.3699941635131836,0.4166760742664337,0.0466819107532501,0.1729093790054321,0.0270153041929006,0.0
478,0,0.3485309183597564,0.3699394464492798,0.419780284166336,0.0498408377170562,0.1729093790054321,0.0288434065878391,0.0
479,0,0.3485749959945678,0.370343804359436,0.4238877296447754,0.0535439252853393,0.1729093790054321,0.0309864226728677,0.0
480,0,0.3487128615379333,0.3721168041229248,0.4096165299415588,0.037499725818634,0.1729093790054321,0.0217014774680137,0.0
481,0,0.3488534688949585,0.3737820386886596,0.419312447309494,0.0455304086208343,0.1729093790054321,0.0263489168137311,0.0
482,0,0.3491475880146026,0.3753364682197571,0.4288792312145233,0.0535427629947662,0.1729093790054321,0.0309857502579689,0.0
483,0,0.3495240211486816,0.3767042160034179,0.4378283619880676,0.0611241459846496,0.1729093790054321,0.0353731736540794,0.0
484,0,0.3499435186386108,0.3777947127819061,0.4464344978332519,0.0686397850513458,0.1729093790054321,0.0397225506603717,0.0
485,0,0.350365936756134,0.3785608410835266,0.4547680616378784,0.0762072205543518,0.1729093790054321,0.0441019050776958,0.0
486,0,0.3508080542087555,0.3790191411972046,0.4401628673076629,0.0611437261104583,0.1729093790054321,0.0353845059871673,0.0
487,0,0.3511503934860229,0.3792240023612976,0.4436345994472503,0.0644105970859527,0.1729093790054321,0.0372750759124755,0.0
488,0,0.3515484929084778,0.379716545343399,0.4417288601398468,0.0620123147964477,0.1729093790054321,0.0358871668577194,0.0
489,0,0.351926326751709,0.380236268043518,0.4359064698219299,0.0556702017784118,0.1729093790054321,0.0322169214487075,0.0
490,0,0.3522634208202362,0.3803858160972595,0.4307458400726318,0.0503600239753723,0.1729093790054321,0.0291438661515712,0.0
491,0,0.3524754047393799,0.3802052736282348,0.4244549870491028,0.0442497134208679,0.1729093790054321,0.0256077665835618,0.0
492,0,0.3523982465267181,0.3801657557487488,0.4185819029808044,0.0384161472320556,0.1729093790054321,0.0222318209707736,0.0
493,0,0.3520705699920654,0.3799094557762146,0.3898647725582123,0.0099553167819976,0.1729093790054321,0.0057612443342804,0.0
494,0,0.3513861000537872,0.3791406452655792,0.3860253989696502,0.006884753704071,0.1729093790054321,0.0039842780679464,0.0
495,0,0.3505510687828064,0.3780993223190307,0.3832114934921264,0.0051121711730957,0.1729093790054321,0.0029584662988781,0.0
496,0,0.3495434820652008,0.3768281936645508,0.3808705508708954,0.0040423572063446,0.1729093790054321,0.0023393537849187,0.0
497,0,0.3485496938228607,0.3757627308368683,0.3793143630027771,0.0035516321659088,0.1729093790054321,0.0020553662907332,0.0
498,0,0.3476395606994629,0.374622642993927,0.3682576715946197,-0.0063649713993072,0.1729093790054321,0.0,0.0161315072327852
499,0,0.3458411395549774,0.3725247979164123,0.3712334930896759,-0.0012913048267364,0.1729093790054321,0.0,0.0032727082725614
500,0,0.3448466658592224,0.3710605204105377,0.3743252456188202,0.0032647252082824,0.1729093790054321,0.001889330218546,0.0
501,0,0.3440825939178467,0.3698282241821289,0.3774540424346924,0.0076258182525634,0.1729093790054321,0.0044131395407021,0.0
502,0,0.3433707356452942,0.3686578869819641,0.3807362020015716,0.0120783150196075,0.1729093790054321,0.0069898455403745,0.0
503,0,0.3429611325263977,0.3680622577667236,0.3872303664684295,0.0191681087017059,0.1729093790054321,0.0110927820205688,0.0
504,0,0.3430460691452026,0.3674558401107788,0.4088408648967743,0.0413850247859954,0.1729093790054321,0.0239499416202306,0.0
505,0,0.3434652090072632,0.367199182510376,0.4205604791641235,0.0533612966537475,0.1729093790054321,0.0308807324618101,0.0
506,0,0.3436863422393799,0.3687868118286133,0.432293027639389,0.0635062158107757,0.1729093790054321,0.036751702427864,0.0
507,0,0.3440650105476379,0.3704133629798889,0.4430429935455322,0.0726296305656433,0.1729093790054321,0.0420315153896808,0.0
508,0,0.3445827662944793,0.3717281222343445,0.452807068824768,0.0810789465904235,0.1729093790054321,0.0469212234020233,0.0
509,0,0.3451364934444427,0.3728103935718536,0.4617997407913208,0.0889893472194671,0.1729093790054321,0.0514990538358688,0.0
510,0,0.3456926345825195,0.3735666871070862,0.6715815663337708,0.2980148792266845,0.1729093790054321,0.1724642813205719,0.0
511,0,0.3473494350910187,0.3755238056182861,0.6793606281280518,0.3038368225097656,0.1729093790054321,0.1758335083723068,0.0
512,0,0.3492494821548462,0.3770541250705719,0.6862145662307739,0.309160441160202,0.1729093790054321,0.178914338350296,0.0
513,0,0.3509232699871063,0.3784134984016418,0.6922454833984375,0.3138319849967956,0.1729093790054321,0.1816178113222122,0.0
514,0,0.3522699475288391,0.3800621628761291,0.6971932649612427,0.3171311020851135,0.1729093790054321,0.1835270375013351,0.0
515,0,0.3536281585693359,0.3814457356929779,0.7113989591598511,0.3299532234668731,0.1729093790054321,0.190947338938713,0.0
516,0,0.3553473651409149,0.3826526701450348,0.7090024352073669,0.3263497650623321,0.1729093790054321,0.1888619810342788,0.0
517,0,0.3575799465179443,0.3833970725536346,0.7037308812141418,0.3203338086605072,0.1729093790054321,0.1853804737329483,0.0
518,0,0.3594986796379089,0.3865280449390411,0.696378231048584,0.3098501861095428,0.1729093790054321,0.1793134957551956,0.0
519,0,0.3614810705184936,0.3896637558937073,0.6877793669700623,0.298115611076355,0.1729093790054321,0.1725225746631622,0.0
520,0,0.3634888827800751,0.3925183415412903,0.6796485185623169,0.2871301770210266,0.1729093790054321,0.1661652028560638,0.0
521,0,0.365430474281311,0.3950459957122803,0.6721407175064087,0.2770947217941284,0.1729093790054321,0.16035757958889,0.0
522,0,0.3672637939453125,0.3971422910690307,0.6648446321487427,0.2677023410797119,0.1729093790054321,0.1549221128225326,0.0
523,0,0.3689429461956024,0.3987450897693634,0.6576527953147888,0.2589077055454254,0.1729093790054321,0.1498325616121292,0.0
524,0,0.3704286515712738,0.3997959494590759,0.6451439261436462,0.2453479766845703,0.1729093790054321,0.1419854015111923,0.0
525,0,0.3715151250362396,0.400738388299942,0.6398249268531799,0.2390865385532379,0.1729093790054321,0.1383618414402008,0.0
526,0,0.372262179851532,0.4016922414302826,0.6357125043869019,0.2340202629566192,0.1729093790054321,0.1354299336671829,0.0
527,0,0.3728769719600677,0.4023043811321258,0.6331322193145752,0.2308278381824493,0.1729093790054321,0.1335824579000473,0.0
528,0,0.3734388649463653,0.4027778804302215,0.6364171504974365,0.2336392700672149,0.1729093790054321,0.1352094560861587,0.0
529,0,0.3741421997547149,0.4031585156917572,0.6395303010940552,0.2363717854022979,0.1729093790054321,0.1367907971143722,0.0
530,0,0.3754172921180725,0.4033770561218261,0.6468838453292847,0.2435067892074585,0.1729093790054321,0.1409198939800262,0.0
531,0,0.3771335780620575,0.4040646255016327,0.6565760970115662,0.2525114715099334,0.1729093790054321,0.1461309939622879,0.0
532,0,0.3784580826759338,0.4072150588035583,0.6651515960693359,0.2579365372657776,0.1729093790054321,0.1492705345153808,0.0
533,0,0.3800999820232391,0.4098526239395141,0.69301837682724,0.2831657528877258,0.1729093790054321,0.1638709455728531,0.0
534,0,0.3819225430488586,0.4125697612762451,0.7028282880783081,0.290258526802063,0.1729093790054321,0.1679756045341491,0.0
535,0,0.3837943375110626,0.4149518013000488,0.7119433283805847,0.2969915270805359,0.1729093790054321,0.1718720644712448,0.0
536,0,0.3856381475925445,0.416977047920227,0.7204487919807434,0.3034717440605163,0.1729093790054321,0.1756222248077392,0.0
537,0,0.3874072432518005,0.4185612201690674,0.7286165356636047,0.3100553154945373,0.1729093790054321,0.179432213306427,0.0
538,0,0.3890109658241272,0.4198147356510162,0.5753104090690613,0.155495673418045,0.1729093790054321,0.0899869501590728,0.0
539,0,0.3892713785171509,0.4201673865318298,0.5799525380134583,0.1597851514816284,0.1729093790054321,0.0924693122506141,0.0
540,0,0.3894599676132202,0.4202447831630707,0.5829313397407532,0.1626865565776825,0.1729093790054321,0.0941483899950981,0.0
541,0,0.3896477222442627,0.420258492231369,0.5848015546798706,0.1645430624485016,0.1729093790054321,0.0952227711677551,0.0
542,0,0.3900700509548187,0.4201674163341522,0.5904602408409119,0.1702928245067596,0.1729093790054321,0.0985502153635025,0.0
543,0,0.3913300037384033,0.4193336069583893,0.5825057625770569,0.1631721556186676,0.1729093790054321,0.0944294109940528,0.0
544,0,0.3919807970523834,0.4216674268245697,0.5741182565689087,0.152450829744339,0.1729093790054321,0.0882248654961586,0.0
545,0,0.3928511440753937,0.4234678447246551,0.5663236975669861,0.1428558528423309,0.1729093790054321,0.0826721563935279,0.0
546,0,0.3937132954597473,0.4250738322734833,0.5535274147987366,0.1284535825252533,0.1729093790054321,0.0743374153971672,0.0
547,0,0.3944921493530273,0.426245629787445,0.5450180172920227,0.1187723875045776,0.1729093790054321,0.0687348097562789,0.0
548,0,0.3951512575149536,0.4269573092460632,0.5369508266448975,0.1099935173988342,0.1729093790054321,0.0636543855071067,0.0
549,0,0.39564910531044,0.427132248878479,0.5291110277175903,0.1019787788391113,0.1729093790054321,0.0590161718428134,0.0
550,0,0.3959344029426574,0.426751434803009,0.5172069072723389,0.0904554724693298,0.1729093790054321,0.0523475147783756,0.0
551,0,0.3958810567855835,0.4266190230846405,0.5137133002281189,0.0870942771434784,0.1729093790054321,0.050402358174324,0.0
552,0,0.3961828052997589,0.4257858097553253,0.5144716501235962,0.0886858403682708,0.1729093790054321,0.0513234101235866,0.0
553,0,0.3964704573154449,0.4265775382518768,0.5203831195831299,0.093805581331253,0.1729093790054321,0.0542862564325332,0.0
554,0,0.3968833088874817,0.4279469847679138,0.5315899848937988,0.103643000125885,0.1729093790054321,0.0599792748689651,0.0
555,0,0.3974654674530029,0.4291756153106689,0.5396799445152283,0.1105043292045593,0.1729093790054321,0.0639499947428703,0.0
556,0,0.3981114029884338,0.4301582276821136,0.5476883053779602,0.1175300776958465,0.1729093790054321,0.0680158659815788,0.0
557,0,0.3987527787685394,0.4308025240898132,0.5553991794586182,0.1245966553688049,0.1729093790054321,0.0721053704619407,0.0
558,0,0.3993337154388428,0.4310242831707001,0.566120982170105,0.1350966989994049,0.1729093790054321,0.0781818553805351,0.0
559,0,0.3997997343540191,0.4308785498142242,0.5720751881599426,0.1411966383457183,0.1729093790054321,0.0817119479179382,0.0
560,0,0.3999486863613128,0.4310729503631592,0.5762386322021484,0.1451656818389892,0.1729093790054321,0.0840088799595832,0.0
561,0,0.4000583589076996,0.4310353100299835,0.5788947343826294,0.1478594243526458,0.1729093790054321,0.0855677723884582,0.0
562,0,0.4001927971839905,0.4310315251350403,0.5865221619606018,0.1554906368255615,0.1729093790054321,0.0899840369820594,0.0
563,0,0.4008283019065857,0.430741012096405,0.5815941095352173,0.1508530974388122,0.1729093790054321,0.0873002409934997,0.0
564,0,0.4017390012741089,0.4311862289905548,0.5731516480445862,0.1419654190540313,0.1729093790054321,0.0821568518877029,0.0
565,0,0.4023478627204895,0.4332809746265411,0.5650758743286133,0.1317948997020721,0.1729093790054321,0.0762710645794868,0.0
566,0,0.4031080901622772,0.4348657131195068,0.5616686940193176,0.1268029808998108,0.1729093790054321,0.0733821913599968,0.0
567,0,0.4038554430007934,0.4362149834632873,0.5526815056800842,0.1164665222167968,0.1729093790054321,0.0674003809690475,0.0
568,0,0.4045171737670898,0.4371028542518616,0.5442019104957581,0.1070990562438964,0.1729093790054321,0.0619793273508548,0.0
569,0,0.4050357639789581,0.4374805688858032,0.53598952293396,0.0985089540481567,0.1729093790054321,0.057008147239685,0.0
570,0,0.4053676426410675,0.4372801184654236,0.5386905670166016,0.1014104485511779,0.1729093790054321,0.0586872734129428,0.0
571,0,0.4056664705276489,0.4369564950466156,0.5354790091514587,0.0985225141048431,0.1729093790054321,0.0570159964263439,0.0
572,0,0.40602508187294,0.437305599451065,0.5380498170852661,0.100744217634201,0.1729093790054321,0.0583017170429229,0.0
573,0,0.4064849615097046,0.4385144412517547,0.5457570552825928,0.107242614030838,0.1729093790054321,0.0620624087750911,0.0
574,0,0.4070615768432617,0.4396642446517944,0.7290563583374023,0.2893921136856079,0.1729093790054321,0.1674741953611374,0.0
575,0,0.4086821675300598,0.4418874979019165,0.736889660358429,0.2950021624565124,0.1729093790054321,0.1707208007574081,0.0
576,0,0.4104078710079193,0.4435540437698364,0.7460350394248962,0.3024809956550598,0.1729093790054321,0.1750488728284835,0.0
577,0,0.4120382666587829,0.4448084831237793,0.7563169002532959,0.3115084171295166,0.1729093790054321,0.1802731305360794,0.0
578,0,0.4134032130241394,0.4461019933223724,0.7474576830863953,0.3013556897640228,0.1729093790054321,0.1743976473808288,0.0
579,0,0.4144966006278991,0.4473695158958435,0.7576767802238464,0.3103072643280029,0.1729093790054321,0.1795780211687088,0.0
580,0,0.4156337678432464,0.4485106170177459,0.7660062313079834,0.3174956142902374,0.1729093790054321,0.1837379932403564,0.0
581,0,0.4170896112918854,0.4494335949420929,0.7703731060028076,0.3209395110607147,0.1729093790054321,0.1857310086488723,0.0
582,0,0.4191194474697113,0.4501053392887115,0.7597255706787109,0.3096202313899994,0.1729093790054321,0.1791804283857345,0.0
583,0,0.4206541776657104,0.4533147513866424,0.7563560009002686,0.3030412495136261,0.1729093790054321,0.1753730922937393,0.0
584,0,0.4223966002464294,0.4559599161148071,0.7513164281845093,0.2953565120697021,0.1729093790054321,0.1709258556365966,0.0
585,0,0.4241182506084442,0.4583453238010406,0.7440330386161804,0.2856877148151397,0.1729093790054321,0.1653304249048233,0.0
586,0,0.4257540106773376,0.4602704048156738,0.7308339476585388,0.270563542842865,0.1729093790054321,0.1565779149532318,0.0
587,0,0.4272062480449676,0.4616137444972992,0.7207204103469849,0.2591066658496856,0.1729093790054321,0.149947702884674,0.0
588,0,0.428468108177185,0.4624132215976715,0.7104894518852234,0.2480762302875518,0.1729093790054321,0.1435642689466476,0.0
589,0,0.4296473860740661,0.4631736278533935,0.704646646976471,0.2414730191230774,0.1729093790054321,0.1397429257631302,0.0
590,0,0.430858314037323,0.4646128118038177,0.6944851279258728,0.229872316122055,0.1729093790054321,0.1330294758081436,0.0
591,0,0.4320808053016662,0.466594934463501,0.7009273767471313,0.2343324422836303,0.1729093790054321,0.1356105953454971,0.0
592,0,0.4333826303482055,0.4683828949928283,0.7073630094528198,0.2389801144599914,0.1729093790054321,0.1383002549409866,0.0
593,0,0.4347003102302551,0.4698199331760406,0.7161823511123657,0.246362417936325,0.1729093790054321,0.1425724774599075,0.0
594,0,0.4359644949436188,0.4708410203456878,0.7140637636184692,0.2432227432727813,0.1729093790054321,0.1407555043697357,0.0
595,0,0.4369964003562927,0.4714789390563965,0.725626528263092,0.2541475892066955,0.1729093790054321,0.1470778286457061,0.0
596,0,0.4378078579902649,0.4725203514099121,0.7346922159194946,0.2621718645095825,0.1729093790054321,0.151721566915512,0.0
597,0,0.4389190673828125,0.4730861783027649,0.734897792339325,0.26181161403656,0.1729093790054321,0.1515130847692489,0.0
598,0,0.440380722284317,0.4737430214881897,0.736340343952179,0.2625973224639892,0.1729093790054321,0.151967778801918,0.0
599,0,0.4416429400444031,0.4763434827327728,0.7310972809791565,0.2547537982463836,0.1729093790054321,0.1474286466836929,0.0
600,0,0.4430304765701294,0.4784915745258331,0.7253150939941406,0.2468235194683075,0.1729093790054321,0.1428393125534057,0.0
601,0,0.4443922638893127,0.4802936315536499,0.718214213848114,0.2379205822944641,0.1729093790054321,0.1376871019601822,0.0
602,0,0.4456474184989929,0.4816082119941711,0.7087433934211731,0.2271351814270019,0.1729093790054321,0.1314454674720764,0.0
603,0,0.4467174112796783,0.4823242127895355,0.697698175907135,0.2153739631175995,0.1729093790054321,0.124639131128788,0.0
604,0,0.447672575712204,0.4827600717544555,0.6902182698249817,0.2074581980705261,0.1729093790054321,0.1200582012534141,0.0
605,0,0.4486348628997803,0.4837255477905273,0.6852652430534363,0.2015396952629089,0.1729093790054321,0.1166331022977829,0.0
606,0,0.4496440887451172,0.485397070646286,0.6905777454376221,0.205180674791336,0.1729093790054321,0.1187401711940765,0.0
607,0,0.4507225155830383,0.487021803855896,0.6973857283592224,0.2103639245033264,0.1729093790054321,0.121739774942398,0.0
608,0,0.4518350660800934,0.488297164440155,0.7003113627433777,0.2120141983032226,0.1729093790054321,0.1226948052644729,0.0
609,0,0.4528701305389404,0.4891130924224853,0.7110103964805603,0.2218973040580749,0.1729093790054321,0.1284142583608627,0.0
610,0,0.4537547528743744,0.489602118730545,0.722745418548584,0.2331432998180389,0.1729093790054321,0.1349224299192428,0.0
611,0,0.4545657634735107,0.4903308153152466,0.7304924726486206,0.240161657333374,0.1729093790054321,0.1389840245246887,0.0
612,0,0.4557901918888092,0.4906468689441681,0.7344536185264587,0.2438067495822906,0.1729093790054321,0.1410934776067733,0.0
613,0,0.4569182991981506,0.4927784502506256,0.7305669784545898,0.2377885282039642,0.1729093790054321,0.1376106739044189,0.0
614,0,0.4581440389156341,0.4947874248027801,0.7247277498245239,0.2299403250217437,0.1729093790054321,0.1330688446760177,0.0
615,0,0.4593660235404968,0.4964343607425689,0.5424013137817383,0.0459669530391693,0.1729093790054321,0.0266015492379665,0.0
616,0,0.4595768451690674,0.4963375926017761,0.5325106382369995,0.0361730456352233,0.1729093790054321,0.0209337156265974,0.0
617,0,0.4595377445220947,0.4958995282649994,0.5209143161773682,0.0250147879123687,0.1729093790054321,0.014476316049695,0.0
618,0,0.4593991041183471,0.4951143264770508,0.5125877857208252,0.0174734592437744,0.1729093790054321,0.0101120714098215,0.0
619,0,0.4592725336551666,0.4948774576187134,0.5107220411300659,0.0158445835113525,0.1729093790054321,0.0091694239526987,0.0
620,0,0.4592200517654419,0.4954358339309692,0.5158721208572388,0.0204362869262695,0.1729093790054321,0.0118266902863979,0.0
621,0,0.4592445492744446,0.4959590435028076,0.5226168632507324,0.0266578197479248,0.1729093790054321,0.0154271554201841,0.0
622,0,0.4593136012554168,0.4961331784725189,0.5291127562522888,0.0329795777797699,0.1729093790054321,0.0190856214612722,0.0
623,0,0.4593346118927002,0.4958785772323608,0.5399666428565979,0.044088065624237,0.1729093790054321,0.025514218956232,0.0
624,0,0.4594022631645202,0.4955197870731354,0.5469861030578613,0.0514663159847259,0.1729093790054321,0.0297840889543294,0.0
625,0,0.4595538973808288,0.4956722855567932,0.5478439927101135,0.0521717071533203,0.1729093790054321,0.0301923044025897,0.0
626,0,0.4597583711147308,0.4963319301605224,0.5444969534873962,0.0481650233268737,0.1729093790054321,0.027873596176505,0.0
627,0,0.4599540829658508,0.496850848197937,0.5367294549942017,0.0398786067962646,0.1729093790054321,0.0230781603604555,0.0
628,0,0.4600754380226135,0.4968834519386291,0.5273578763008118,0.0304744243621826,0.1729093790054321,0.0176358632743358,0.0
629,0,0.4600286483764648,0.4963460564613342,0.5166239142417908,0.0202778577804565,0.1729093790054321,0.0117350053042173,0.0
630,0,0.4597252607345581,0.4955920279026031,0.5053074955940247,0.0097154676914215,0.1729093790054321,0.0056224414147436,0.0
631,0,0.4594692587852478,0.4945929944515228,0.4985101222991943,0.0039171278476715,0.1729093790054321,0.0022668822202831,0.0
632,0,0.4592013955116272,0.4940666258335113,0.4952493011951446,0.0011826753616333,0.1729093790054321,0.0006844264571554,0.0
633,0,0.4589933454990387,0.4943979680538177,0.4888298809528351,-0.0055680871009826,0.1729093790054321,0.0,0.0141118690371513
634,0,0.4581279456615448,0.494052529335022,0.4952777624130249,0.0012252330780029,0.1729093790054321,0.0007090550498105,0.0
635,0,0.4580095410346985,0.4946348071098327,0.5020048022270203,0.0073699951171875,0.1729093790054321,0.0042650923132896,0.0
636,0,0.4580289125442505,0.494694322347641,0.5143249034881592,0.0196305811405181,0.1729093790054321,0.0113604199141263,0.0
637,0,0.4581100344657898,0.4947781860828399,0.5173324942588806,0.0225543081760406,0.1729093790054321,0.0130524104461073,0.0
638,0,0.4582088589668274,0.4949115216732025,0.5348575115203857,0.0399459898471832,0.1729093790054321,0.0231171566992998,0.0
639,0,0.4583103954792022,0.4948394894599914,0.5248224139213562,0.0299829244613647,0.1729093790054321,0.0173514280468225,0.0
640,0,0.4582575261592865,0.4941230714321136,0.5135676264762878,0.0194445550441741,0.1729093790054321,0.0112527646124362,0.0
641,0,0.4578598737716675,0.4932883083820343,0.5382378101348877,0.0449495017528533,0.1729093790054321,0.0260127410292625,0.0
642,0,0.4573898017406463,0.4924808144569397,0.5275706052780151,0.0350897908210754,0.1729093790054321,0.0203068237751722,0.0
643,0,0.4566247463226318,0.4914208054542541,0.5184683799743652,0.027047574520111,0.1729093790054321,0.0156527105718851,0.0
644,0,0.4555619060993194,0.4900933802127838,0.5112470984458923,0.0211537182331085,0.1729093790054321,0.012241874821484,0.0
645,0,0.4542107284069061,0.488463431596756,0.515841543674469,0.027378112077713,0.1729093790054321,0.0158439967781305,0.0
646,0,0.4528758823871612,0.4871066808700561,0.5185914039611816,0.0314847230911254,0.1729093790054321,0.0182205345481634,0.0
647,0,0.4516056478023529,0.4857653975486755,0.5205508470535278,0.0347854495048522,0.1729093790054321,0.0201306976377964,0.0
648,0,0.4503890872001648,0.4844348430633545,0.521593451499939,0.0371586084365844,0.1729093790054321,0.0215040706098079,0.0
649,0,0.4492154121398926,0.4831103682518005,0.4830719232559204,-3.844499588012695e-05,0.1729093790054321,0.0,9.743574628373608e-05
650,0,0.4478606581687927,0.4815004169940948,0.4857346415519714,0.0042342245578765,0.1729093790054321,0.002450389554724,0.0
651,0,0.4465627074241638,0.4799008667469024,0.4874434173107147,0.0075425505638122,0.1729093790054321,0.0043649519793689,0.0
652,0,0.4452975988388061,0.4783385097980499,0.4881309866905212,0.0097924768924713,0.1729093790054321,0.0056670075282454,0.0
653,0,0.4440574049949646,0.4768088757991791,0.4877500236034393,0.0109411478042602,0.1729093790054321,0.0063317553140223,0.0
654,0,0.44283527135849,0.4753034114837646,0.4525860249996185,-0.0227173864841461,0.1729093790054321,0.0,0.0575753897428512
655,0,0.4382581114768982,0.4708215296268463,0.4540325999259949,-0.0167889297008514,0.1729093790054321,0.0,0.042550191283226
656,0,0.4348435401916504,0.4667615294456482,0.4547112882137298,-0.0120502412319183,0.1729093790054321,0.0,0.0305403675884008
657,0,0.4324417412281036,0.4633996784687042,0.454749584197998,-0.0086500942707061,0.1729093790054321,0.0,0.0219229683279991
658,0,0.4310146272182464,0.4611628949642181,0.435290664434433,-0.0258722305297851,0.1729093790054321,0.0,0.0655710846185684
659,0,0.4273181557655334,0.4571498930454254,0.4447817802429199,-0.0123681128025054,0.1729093790054321,0.0,0.0313459858298301
660,0,0.4251999855041504,0.4570404291152954,0.4542392194271087,-0.0028012096881866,0.1729093790054321,0.0,0.0070994407869875
661,0,0.4246748685836792,0.4577174186706543,0.4635114073753357,0.0057939887046813,0.1729093790054321,0.0033530411310493,0.0
662,0,0.4246352910995483,0.4584127068519592,0.6350245475769043,0.176611840724945,0.1729093790054321,0.1022070944309234,0.0
663,0,0.425553411245346,0.4599613845348358,0.6453004479408264,0.1853390634059906,0.1729093790054321,0.1072576269507408,0.0
664,0,0.4264985620975494,0.4608134031295776,0.6550934910774231,0.1942800879478454,0.1729093790054321,0.1124318912625312,0.0
665,0,0.4273921549320221,0.4613464474678039,0.6630296111106873,0.2016831636428833,0.1729093790054321,0.1167161241173744,0.0
666,0,0.4283634424209595,0.4621120393276214,0.6454206705093384,0.1833086311817169,0.1729093790054321,0.1060825958847999,0.0
667,0,0.4293115139007568,0.4634444713592529,0.6405339241027832,0.1770894527435302,0.1729093790054321,0.1024834960699081,0.0
668,0,0.4302627444267273,0.4648999571800232,0.6338364481925964,0.1689364910125732,0.1729093790054321,0.0977652892470359,0.0
669,0,0.4311969876289367,0.4659641683101654,0.6269508004188538,0.1609866321086883,0.1729093790054321,0.0931646227836608,0.0
670,0,0.4319711625576019,0.4667594730854034,0.5989193320274353,0.1321598589420318,0.1729093790054321,0.0764822736382484,0.0
671,0,0.4322524666786194,0.4676743447780609,0.5930225849151611,0.1253482401371002,0.1729093790054321,0.0725403204560279,0.0
672,0,0.4323458969593048,0.4681889712810516,0.5876876711845398,0.1194986999034881,0.1729093790054321,0.0691551342606544,0.0
673,0,0.4322749972343445,0.4683517515659332,0.5837101936340332,0.1153584420680999,0.1729093790054321,0.0667591169476509,0.0
674,0,0.4322513043880462,0.4685054123401642,0.5727759003639221,0.1042704880237579,0.1729093790054321,0.0603424087166786,0.0
675,0,0.432001531124115,0.4683150947093963,0.5743062496185303,0.1059911549091339,0.1729093790054321,0.0613381750881671,0.0
676,0,0.4315713047981262,0.46800297498703,0.5756335854530334,0.1076306104660034,0.1729093790054321,0.0622869431972503,0.0
677,0,0.4311357736587524,0.467800498008728,0.576779842376709,0.1089793443679809,0.1729093790054321,0.0630674734711647,0.0
678,0,0.4307160377502441,0.467602789402008,0.5773728489875793,0.1097700595855712,0.1729093790054321,0.0635250657796859,0.0
679,0,0.4300865530967712,0.4665984213352203,0.5769274234771729,0.1103290021419525,0.1729093790054321,0.0638485327363014,0.0
680,0,0.4293853938579559,0.4660724699497223,0.5783998370170593,0.112327367067337,0.1729093790054321,0.0650050044059753,0.0
681,0,0.4287960231304168,0.4653040468692779,0.579657793045044,0.1143537461757659,0.1729093790054321,0.0661776959896087,0.0
682,0,0.4280792772769928,0.4650908708572387,0.5965722799301147,0.1314814090728759,0.1729093790054321,0.0760896503925323,0.0
683,0,0.4275956153869629,0.4645824432373047,0.6022998094558716,0.1377173662185669,0.1729093790054321,0.0796984583139419,0.0
684,0,0.4271769523620605,0.4640213251113891,0.6076489686965942,0.143627643585205,0.1729093790054321,0.0831187963485717,0.0
685,0,0.4269037246704101,0.4635151028633117,0.6126816868782043,0.1491665840148925,0.1729093790054321,0.0863242447376251,0.0
686,0,0.4271687567234039,0.461177259683609,0.6460616588592529,0.1848843991756439,0.1729093790054321,0.1069945096969604,0.0
687,0,0.4278150796890259,0.4600140452384949,0.6537736058235168,0.1937595605850219,0.1729093790054321,0.112130656838417,0.0
688,0,0.4290996193885803,0.4592394232749939,0.6666285395622253,0.2073891162872314,0.1729093790054321,0.120018221437931,0.0
689,0,0.4297451972961426,0.4625408947467804,0.680896520614624,0.2183556258678436,0.1729093790054321,0.1263646483421325,0.0
690,0,0.4309768676757812,0.4647049307823181,0.6915611624717712,0.2268562316894531,0.1729093790054321,0.1312840431928634,0.0
691,0,0.4322609901428222,0.4668464660644531,0.702418327331543,0.2355718612670898,0.1729093790054321,0.136327862739563,0.0
692,0,0.4335806965827942,0.468630850315094,0.7313389778137207,0.2627081274986267,0.1729093790054321,0.1520318984985351,0.0
693,0,0.4349697828292846,0.4701308906078338,0.7420865893363953,0.2719556987285614,0.1729093790054321,0.1573835760354995,0.0
694,0,0.4362806677818298,0.4711015820503235,0.7540308237075806,0.2829292416572571,0.1729093790054321,0.1637340784072876,0.0
695,0,0.4373012781143188,0.4723376631736755,0.7646905183792114,0.2923528552055359,0.1729093790054321,0.1691876202821731,0.0
696,0,0.4381613135337829,0.4733978509902954,0.7736416459083557,0.3002437949180603,0.1729093790054321,0.1737541854381561,0.0
697,0,0.4388028979301452,0.4743888080120086,0.7431578040122986,0.2687689960002899,0.1729093790054321,0.1555393934249878,0.0
698,0,0.4390102326869964,0.4749827682971954,0.7506207823753357,0.2756380140781402,0.1729093790054321,0.1595145612955093,0.0
699,0,0.4389976263046264,0.4754041731357574,0.7563821077346802,0.2809779345989227,0.1729093790054321,0.1626048237085342,0.0
700,0,0.4390685558319092,0.4759146571159363,0.7319760918617249,0.2560614347457886,0.1729093790054321,0.1481853872537613,0.0
701,0,0.4390792846679687,0.4761460423469543,0.7379626035690308,0.2618165612220764,0.1729093790054321,0.1515159457921981,0.0
702,0,0.439181238412857,0.4763443768024444,0.7428146600723267,0.2664702832698822,0.1729093790054321,0.1542091071605682,0.0
703,0,0.4393482208251953,0.476540058851242,0.7465524673461914,0.2700124084949493,0.1729093790054321,0.1562589704990387,0.0
704,0,0.4395641684532165,0.4767384827136993,0.7374798059463501,0.2607413232326507,0.1729093790054321,0.1508936882019043,0.0
705,0,0.4398812055587768,0.476832240819931,0.7433978915214539,0.2665656507015228,0.1729093790054321,0.154264286160469,0.0
706,0,0.4405684471130371,0.4768141806125641,0.7481037378311157,0.2712895572185516,0.1729093790054321,0.1569980680942535,0.0
707,0,0.4418614208698272,0.4764329791069031,0.7506080865859985,0.2741751074790954,0.1729093790054321,0.158667966723442,0.0
708,0,0.4437267780303955,0.4762260019779205,0.751935601234436,0.2757095992565155,0.1729093790054321,0.1595559865236282,0.0
709,0,0.4450565278530121,0.4789184927940368,0.7491745948791504,0.2702561020851135,0.1729093790054321,0.1563999950885772,0.0
710,0,0.4464932680130005,0.4815369546413421,0.7433696389198303,0.2618326842784881,0.1729093790054321,0.1515252739191055,0.0
711,0,0.4479372501373291,0.4838135540485382,0.7488868236541748,0.2650732696056366,0.1729093790054321,0.1534006297588348,0.0
712,0,0.4493767023086548,0.4857218265533447,0.740207850933075,0.2544860243797302,0.1729093790054321,0.1472736895084381,0.0
713,0,0.4506758451461792,0.4870499670505523,0.7296310067176819,0.2425810396671295,0.1729093790054321,0.1403841525316238,0.0
714,0,0.451753705739975,0.487754225730896,0.7177435159683228,0.2299892902374267,0.1729093790054321,0.1330971717834472,0.0
715,0,0.4524124264717102,0.4886100888252258,0.7189212441444397,0.2303111553192138,0.1729093790054321,0.1332834362983703,0.0
716,0,0.4529323577880859,0.489227145910263,0.7085902690887451,0.219363123178482,0.1729093790054321,0.1269477009773254,0.0
717,0,0.4533438980579376,0.4897412061691284,0.7004754543304443,0.2107342481613159,0.1729093790054321,0.1219540834426879,0.0
718,0,0.4538701176643371,0.4901703596115112,0.6949966549873352,0.2048262953758239,0.1729093790054321,0.1185350939631462,0.0
719,0,0.4553322494029999,0.4894417226314544,0.6997103095054626,0.2102685868740081,0.1729093790054321,0.1216846033930778,0.0
720,0,0.4561387598514557,0.4919894933700561,0.7038754224777222,0.211885929107666,0.1729093790054321,0.1226205751299858,0.0
721,0,0.4572662711143493,0.4937742054462433,0.7108084559440613,0.217034250497818,0.1729093790054321,0.1255999654531479,0.0
722,0,0.4584083259105682,0.4953925609588623,0.7157952189445496,0.2204026579856872,0.1729093790054321,0.1275492906570434,0.0
723,0,0.4595218598842621,0.4965581595897674,0.726115882396698,0.2295577228069305,0.1729093790054321,0.1328474283218383,0.0
724,0,0.4605544805526733,0.4972446858882904,0.7378765344619751,0.2406318485736847,0.1729093790054321,0.1392561346292495,0.0
725,0,0.46131232380867,0.4981044232845306,0.7484819293022156,0.2503775060176849,0.1729093790054321,0.1448960453271865,0.0
726,0,0.462073266506195,0.4989267289638519,0.758071780204773,0.259145051240921,0.1729093790054321,0.1499699205160141,0.0
727,0,0.4633101224899292,0.499179482460022,0.762751042842865,0.263571560382843,0.1729093790054321,0.1525315791368484,0.0
728,0,0.4646616578102112,0.5009481310844421,0.757057249546051,0.2561091184616089,0.1729093790054321,0.1482129842042923,0.0
729,0,0.4659129977226257,0.5031819343566895,0.759580135345459,0.2563982009887695,0.1729093790054321,0.1483802795410156,0.0
730,0,0.4672656059265136,0.5049753189086914,0.7517030239105225,0.246727705001831,0.1729093790054321,0.1427838653326034,0.0
731,0,0.4685136079788208,0.5063121318817139,0.7422293424606323,0.2359172105789184,0.1729093790054321,0.1365277171134948,0.0
732,0,0.4695833027362823,0.5070403814315796,0.7311887145042419,0.2241483330726623,0.1729093790054321,0.1297169476747512,0.0
733,0,0.4703232645988464,0.5077642202377319,0.7268807291984558,0.2191165089607238,0.1729093790054321,0.1268049776554107,0.0
734,0,0.4712685942649841,0.5079488754272461,0.7207480669021606,0.2127991914749145,0.1729093790054321,0.1231490895152092,0.0
735,0,0.4722671210765838,0.5091085433959961,0.7228680849075317,0.2137595415115356,0.1729093790054321,0.1237048506736755,0.0
736,0,0.4732730686664581,0.5110225081443787,0.729839563369751,0.2188170552253723,0.1729093790054321,0.1266316920518875,0.0
737,0,0.4743875861167907,0.5126159191131592,0.7373232245445251,0.2247073054313659,0.1729093790054321,0.1300404369831085,0.0
738,0,0.4755014181137085,0.5138369798660278,0.7473223805427551,0.2334854006767273,0.1729093790054321,0.1351204067468643,0.0
739,0,0.4765481352806091,0.5145805478096008,0.7584629058837891,0.2438823580741882,0.1729093790054321,0.1411372423171997,0.0
740,0,0.4775622487068176,0.5151318311691284,0.7693821787834167,0.2542503476142883,0.1729093790054321,0.1471372991800308,0.0
741,0,0.4787025451660156,0.5161323547363281,0.7728244662284851,0.256692111492157,0.1729093790054321,0.1485503762960434,0.0
742,0,0.4799281358718872,0.5180445909500122,0.7677011489868164,0.2496565580368042,0.1729093790054321,0.14447882771492,0.0
743,0,0.4811719357967376,0.5199055075645447,0.7671239376068115,0.2472184300422668,0.1729093790054321,0.1430678516626358,0.0
744,0,0.4824109971523285,0.5213581919670105,0.7582127451896667,0.2368545532226562,0.1729093790054321,0.1370701789855957,0.0
745,0,0.4835067093372345,0.5222492814064026,0.7475557923316956,0.2253065109252929,0.1729093790054321,0.1303872019052505,0.0
746,0,0.4844414889812469,0.5226548314094543,0.7418148517608643,0.2191600203514099,0.1729093790054321,0.1268301606178283,0.0
747,0,0.4853576719760895,0.5232872366905212,0.7365322113037109,0.2132449746131897,0.1729093790054321,0.1234070658683776,0.0
748,0,0.4863274097442627,0.524712324142456,0.7394809722900391,0.214768648147583,0.1729093790054321,0.124288834631443,0.0
749,0,0.4873551726341247,0.5264455676078796,0.7474156618118286,0.2209700942039489,0.1729093790054321,0.1278776675462722,0.0
750,0,0.4884438812732696,0.5278468132019043,0.7552945613861084,0.2274477481842041,0.1729093790054321,0.1316263526678085,0.0
751,0,0.4894962906837463,0.5288082957267761,0.7663830518722534,0.2375747561454773,0.1729093790054321,0.1374869644641876,0.0
752,0,0.4905081391334533,0.5293936133384705,0.7764227390289307,0.2470291256904602,0.1729093790054321,0.1429582983255386,0.0
753,0,0.4915832281112671,0.5302243232727051,0.6029523015022278,0.0727279782295227,0.1729093790054321,0.0420884303748607,0.0
754,0,0.4918876886367798,0.5306406021118164,0.5963268876075745,0.065686285495758,0.1729093790054321,0.0380133315920829,0.0
755,0,0.4921250939369201,0.5314907431602478,0.5871147513389587,0.0556240081787109,0.1729093790054321,0.0321901887655258,0.0
756,0,0.4923425912857055,0.5318415760993958,0.5734712481498718,0.041629672050476,0.1729093790054321,0.0240915212780237,0.0
757,0,0.4924026429653168,0.5316256880760193,0.5651203393936157,0.0334946513175964,0.1729093790054321,0.0193837005645036,0.0
758,0,0.4923687875270843,0.5310672521591187,0.5603890419006348,0.0293217897415161,0.1729093790054321,0.016968822106719,0.0
759,0,0.4923590421676636,0.5309264659881592,0.5616973042488098,0.0307708382606506,0.1729093790054321,0.0178074017167091,0.0
760,0,0.4924165606498718,0.5314839482307434,0.5694683790206909,0.0379844307899475,0.1729093790054321,0.0219819825142622,0.0
761,0,0.4925323128700256,0.5320058465003967,0.5781843662261963,0.0461785197257995,0.1729093790054321,0.0267239864915609,0.0
762,0,0.4926696419715881,0.5321217775344849,0.5869128704071045,0.0547910928726196,0.1729093790054321,0.0317081697285175,0.0
763,0,0.4927359819412231,0.5317555069923401,0.5943257808685303,0.0625702738761901,0.1729093790054321,0.0362100638449192,0.0
764,0,0.4928097724914551,0.531273603439331,0.5973125100135803,0.0660389065742492,0.1729093790054321,0.0382173955440521,0.0
765,0,0.4929535984992981,0.5314083695411682,0.5947886109352112,0.0633802413940429,0.1729093790054321,0.0366787984967231,0.0
766,0,0.4931651353836059,0.5322378873825073,0.5796048045158386,0.0473669171333313,0.1729093790054321,0.0274117235094308,0.0
767,0,0.4933359622955322,0.5328488349914551,0.5707959532737732,0.0379471182823181,0.1729093790054321,0.0219603888690471,0.0
768,0,0.4934418201446533,0.5329747200012207,0.5618648529052734,0.0288901329040527,0.1729093790054321,0.0167190171778202,0.0
769,0,0.4934426248073578,0.5326355695724487,0.5551921129226685,0.0225565433502197,0.1729093790054321,0.0130537040531635,0.0
770,0,0.4934219121932983,0.5323195457458496,0.5543395280838013,0.0220199823379516,0.1729093790054321,0.0127431908622384,0.0
771,0,0.4934578835964203,0.5326197147369385,0.5607726573944092,0.0281529426574707,0.1729093790054321,0.0162923987954854,0.0
772,0,0.4935182929039001,0.5330681204795837,0.5697128176689148,0.036644697189331,0.1729093790054321,0.0212066639214754,0.0
773,0,0.4936068058013916,0.5331084728240967,0.58579421043396,0.0526857376098632,0.1729093790054321,0.0304897800087928,0.0
774,0,0.4936607182025909,0.5327240228652954,0.5937278866767883,0.0610038638114929,0.1729093790054321,0.0353035666048526,0.0
775,0,0.4935930371284485,0.5322777628898621,0.5989692211151123,0.0666914582252502,0.1729093790054321,0.0385950356721878,0.0
776,0,0.4937372505664825,0.5317517518997192,0.6058054566383362,0.0740537047386169,0.1729093790054321,0.0428556427359581,0.0
777,0,0.4939296245574951,0.5325916409492493,0.5973103046417236,0.0647186636924743,0.1729093790054321,0.037453357130289,0.0
778,0,0.4941615760326385,0.5335244536399841,0.5879771113395691,0.0544526576995849,0.1729093790054321,0.0315123163163661,0.0
779,0,0.4943775534629822,0.534034013748169,0.5868158936500549,0.0527818799018859,0.1729093790054321,0.0305454190820455,0.0
780,0,0.4945293664932251,0.5340865850448608,0.5770912170410156,0.0430046319961547,0.1729093790054321,0.0248872246593236,0.0
781,0,0.4946470558643341,0.5339089035987854,0.5716230273246765,0.0377141237258911,0.1729093790054321,0.0218255519866943,0.0
782,0,0.4947792589664459,0.5341388583183289,0.5595093369483948,0.0253704786300659,0.1729093790054321,0.0146821578964591,0.0
783,0,0.4948351681232452,0.5344930291175842,0.5686704516410828,0.0341774225234985,0.1729093790054321,0.0197788272053003,0.0
784,0,0.494905412197113,0.5344787836074829,0.577862560749054,0.043383777141571,0.1729093790054321,0.0251066386699676,0.0
785,0,0.4949013888835907,0.5339741706848145,0.5892139673233032,0.0552397966384887,0.1729093790054321,0.0319678410887718,0.0
786,0,0.494776964187622,0.5335171222686768,0.5841401219367981,0.0506229996681213,0.1729093790054321,0.029296051710844,0.0
787,0,0.4948473274707794,0.5328055620193481,0.5890313386917114,0.0562257766723632,0.1729093790054321,0.0325384363532066,0.0
788,0,0.4949151277542114,0.5334160327911377,0.5865939259529114,0.0531778931617736,0.1729093790054321,0.0307745952159166,0.0
789,0,0.495076835155487,0.5343533158302307,0.567177951335907,0.0328246355056762,0.1729093790054321,0.0189959555864334,0.0
790,0,0.4951809644699096,0.5348409414291382,0.5590909719467163,0.0242500305175781,0.1729093790054321,0.0140337431803345,0.0
791,0,0.4952265620231628,0.534873902797699,0.5501818060874939,0.0153079032897949,0.1729093790054321,0.008858841843903,0.0
792,0,0.4952261745929718,0.5346702933311462,0.544823408126831,0.0101531147956848,0.1729093790054321,0.0058757122606039,0.0
793,0,0.4952312707901001,0.5346807837486267,0.7094632387161255,0.1747824549674987,0.1729093790054321,0.1011484116315841,0.0
794,0,0.4960322380065918,0.5359955430030823,0.7167443633079529,0.1807488203048706,0.1729093790054321,0.1046012043952941,0.0
795,0,0.4968756139278412,0.5367881655693054,0.726276695728302,0.1894885301589965,0.1729093790054321,0.1096589639782905,0.0
796,0,0.4976372718811035,0.5371153354644775,0.7211446762084961,0.1840293407440185,0.1729093790054321,0.1064996793866157,0.0
797,0,0.4982177019119262,0.5373503565788269,0.7305175065994263,0.1931671500205993,0.1729093790054321,0.1117878258228302,0.0
798,0,0.4989646971225738,0.5374760031700134,0.7357186675071716,0.1982426643371582,0.1729093790054321,0.114725075662136,0.0
799,0,0.4997723400592804,0.5387136340141296,0.7331384420394897,0.1944248080253601,0.1729093790054321,0.1125156432390213,0.0
800,0,0.5006451606750488,0.5404781103134155,0.7153228521347046,0.174844741821289,0.1729093790054321,0.101184457540512,0.0
801,0,0.5014774203300476,0.5417940616607666,0.7073211073875427,0.1655270457267761,0.1729093790054321,0.0957922115921974,0.0
802,0,0.5022404193878174,0.5426338315010071,0.6978211998939514,0.1551873683929443,0.1729093790054321,0.0898085311055183,0.0
803,0,0.5029388666152954,0.5431520938873291,0.5011338591575623,-0.0420182347297668,0.1729093790054321,0.0,0.1064918339252471
804,0,0.4973289370536804,0.5351437330245972,0.5001825094223022,-0.0349612236022949,0.1729093790054321,0.0,0.088606409728527
805,0,0.4921268224716186,0.530441403388977,0.5068971514701843,-0.0235442519187927,0.1729093790054321,0.0,0.0596710108220577
806,0,0.488593578338623,0.5269098877906799,0.5022915601730347,-0.0246183276176452,0.1729093790054321,0.0,0.062393169850111
807,0,0.4849089980125427,0.5223584771156311,0.5127698183059692,-0.0095886588096618,0.1729093790054321,0.0,0.0243016835302114
808,0,0.4831013679504394,0.5204046368598938,0.5214414596557617,0.0010368227958679,0.1729093790054321,0.0006000200519338,0.0
809,0,0.4827997386455536,0.5199608206748962,0.524712324142456,0.0047515034675598,0.1729093790054321,0.0027497441042214,0.0
810,0,0.4826620221138,0.5202358961105347,0.5148813724517822,-0.0053545236587524,0.1729093790054321,0.0,0.0135706095024943
811,0,0.4818390607833862,0.5198627710342407,0.507257878780365,-0.0126048922538757,0.1729093790054321,0.0,0.0319460853934288
812,0,0.4800280332565307,0.5179917216300964,0.4985429942607879,-0.0194487273693084,0.1729093790054321,0.0,0.0492912344634532
813,0,0.4771837294101715,0.5146256685256958,0.4819255769252777,-0.032700091600418,0.1729093790054321,0.0,0.0828757509589195
814,0,0.4724655151367187,0.5086687803268433,0.4725036323070526,-0.0361651480197906,0.1729093790054321,0.0,0.0916576609015464
815,0,0.4671641886234283,0.5026792883872986,0.4678525328636169,-0.0348267555236816,0.1729093790054321,0.0,0.0882656127214431
816,0,0.4620864987373352,0.4974865019321441,0.4698465764522552,-0.0276399254798889,0.1729093790054321,0.0,0.0700511634349823
817,0,0.4579964280128479,0.4937475025653839,0.4667278230190277,-0.0270196795463562,0.1729093790054321,0.0,0.0684792026877403
818,0,0.4540647268295288,0.4894782602787018,0.4742327928543091,-0.0152454674243927,0.1729093790054321,0.0,0.0386384092271328
819,0,0.4516335725784302,0.4870054721832275,0.4827562570571899,-0.0042492151260375,0.1729093790054321,0.0,0.0107692936435341
820,0,0.4505691230297088,0.4867037534713745,0.4878818988800049,0.0011781454086303,0.1729093790054321,0.0006818049005232,0.0
821,0,0.4504858553409576,0.4860679507255554,0.4836199879646301,-0.0024479627609252,0.1729093790054321,0.0,0.0062041645869612
822,0,0.4501636028289795,0.4852843284606933,0.4828064143657684,-0.0024779140949249,0.1729093790054321,0.0,0.0062800738960504
823,0,0.4496994614601135,0.4854486286640167,0.483689934015274,-0.0017586946487426,0.1729093790054321,0.0,0.0044572702609002
824,0,0.4493730962276459,0.4853152930736542,0.4760020077228546,-0.0093132853507995,0.1729093790054321,0.0,0.0236037727445364
825,0,0.4480461478233337,0.4831565320491791,0.4662033915519714,-0.0169531404972076,0.1729093790054321,0.0,0.0429663695394992
826,0,0.4456216990947723,0.4790504276752472,0.4730378091335296,-0.0060126185417175,0.1729093790054321,0.0,0.0152384983375668
827,0,0.4439175128936767,0.4784755706787109,0.4599540829658508,-0.0185214877128601,0.1729093790054321,0.0,0.0469412207603454
828,0,0.4409320652484894,0.4743663668632507,0.4515992403030395,-0.0227671265602111,0.1729093790054321,0.0,0.0577014498412609
829,0,0.4376184642314911,0.4698717892169952,0.4657822251319885,-0.0040895640850067,0.1729093790054321,0.0,0.0103646712377667
830,0,0.4366275668144226,0.4706892669200897,0.4705733358860016,-0.0001159310340881,0.1729093790054321,0.0,0.0002938178658951
831,0,0.436520516872406,0.4711978435516357,0.4759514629840851,0.0047536194324493,0.1729093790054321,0.0027509685605764,0.0
832,0,0.4364804029464721,0.471441388130188,0.5010727047920227,0.0296313166618347,0.1729093790054321,0.0171479489654302,0.0
833,0,0.4365242719650268,0.4714425504207611,0.5109472274780273,0.0395046770572662,0.1729093790054321,0.0228617638349533,0.0
834,0,0.4365846812725067,0.471139520406723,0.5198029279708862,0.0486634075641632,0.1729093790054321,0.0281620156019926,0.0
835,0,0.4367077946662903,0.4710272252559662,0.524392306804657,0.0533650815486907,0.1729093790054321,0.0308829229325056,0.0
836,0,0.4369115531444549,0.4714385271072387,0.7259935140609741,0.2545549869537353,0.1729093790054321,0.1473135948181152,0.0
837,0,0.4380910694599151,0.4734324514865875,0.7194210886955261,0.2459886372089386,0.1729093790054321,0.1423561573028564,0.0
838,0,0.4394602179527282,0.474995881319046,0.7119545340538025,0.2369586527347564,0.1729093790054321,0.1371304243803024,0.0
839,0,0.4407010972499847,0.4760647416114807,0.7023416757583618,0.2262769341468811,0.1729093790054321,0.1309487968683242,0.0
840,0,0.4417382180690765,0.4765213429927826,0.7150212526321411,0.2384999096393585,0.1729093790054321,0.1380223631858825,0.0
841,0,0.4426236748695373,0.477287232875824,0.705368161201477,0.228080928325653,0.1729093790054321,0.1319927871227264,0.0
842,0,0.4435840249061584,0.4777025580406189,0.6990090608596802,0.2213065028190612,0.1729093790054321,0.1280723512172699,0.0
843,0,0.4446628391742706,0.4786174595355987,0.7163201570510864,0.2377026975154876,0.1729093790054321,0.1375610083341598,0.0
844,0,0.4458237886428833,0.4809076488018036,0.7215903997421265,0.2406827509403228,0.1729093790054321,0.1392855942249298,0.0
845,0,0.4471144080162048,0.4829574227333069,0.7275915145874023,0.2446340918540954,0.1729093790054321,0.1415722668170929,0.0
846,0,0.448447585105896,0.4846888184547424,0.7364020347595215,0.251713216304779,0.1729093790054321,0.1456690281629562,0.0
847,0,0.4497531354427337,0.4860257804393768,0.7585232853889465,0.2724975049495697,0.1729093790054321,0.1576971113681793,0.0
848,0,0.4511134028434753,0.4871442914009094,0.7642663717269897,0.2771220803260803,0.1729093790054321,0.1603734046220779,0.0
849,0,0.4525361657142639,0.4884923994541168,0.7644078135490417,0.2759154140949249,0.1729093790054321,0.1596750915050506,0.0
850,0,0.4539975821971893,0.4903852939605713,0.759032666683197,0.2686473727226257,0.1729093790054321,0.155469000339508,0.0
851,0,0.4554295837879181,0.4922510087490082,0.731590211391449,0.2393392026424408,0.1729093790054321,0.138508066534996,0.0
852,0,0.4566883444786072,0.4935037195682525,0.7246155142784119,0.2311117947101593,0.1729093790054321,0.1337467730045318,0.0
853,0,0.4577826261520386,0.4942454099655151,0.7170934081077576,0.2228479981422424,0.1729093790054321,0.1289644390344619,0.0
854,0,0.4585627317428589,0.4948393106460571,0.7102395296096802,0.215400218963623,0.1729093790054321,0.1246543303132057,0.0
855,0,0.459277331829071,0.4953330159187317,0.6927800178527832,0.1974470019340515,0.1729093790054321,0.1142646148800849,0.0
856,0,0.4602906107902527,0.4952561557292938,0.6960130333900452,0.2007568776607513,0.1729093790054321,0.1161800771951675,0.0
857,0,0.4611466228961944,0.4971516728401184,0.7041662335395813,0.2070145606994629,0.1729093790054321,0.1198014616966247,0.0
858,0,0.4621860682964325,0.4990244805812835,0.7042186856269836,0.2051942050457,0.1729093790054321,0.1187480017542839,0.0
859,0,0.4632591009140014,0.5005810260772705,0.7135564088821411,0.2129753828048706,0.1729093790054321,0.1232510507106781,0.0
860,0,0.464328795671463,0.5017668008804321,0.7227081656455994,0.2209413647651672,0.1729093790054321,0.1278610527515411,0.0
861,0,0.4653784036636352,0.5025826692581177,0.7300174832344055,0.2274348139762878,0.1729093790054321,0.1316188722848892,0.0
862,0,0.4664706289768219,0.5034874677658081,0.7219135165214539,0.2184260487556457,0.1729093790054321,0.1264054030179977,0.0
863,0,0.4675707817077636,0.5048446655273438,0.7177554368972778,0.212910771369934,0.1729093790054321,0.1232136636972427,0.0
864,0,0.4686510860919952,0.5064141154289246,0.7092143297195435,0.2028002142906189,0.1729093790054321,0.1173625737428665,0.0
865,0,0.4696777462959289,0.5075228214263916,0.6900064945220947,0.1824836730957031,0.1729093790054321,0.1056051850318908,0.0
866,0,0.4705013036727905,0.5080152153968811,0.6824629306793213,0.1744477152824401,0.1729093790054321,0.1009546890854835,0.0
867,0,0.4710478186607361,0.5082361102104187,0.6758230328559875,0.1675869226455688,0.1729093790054321,0.0969842821359634,0.0
868,0,0.4715284705162048,0.5084103941917419,0.6730318665504456,0.1646214723587036,0.1729093790054321,0.0952681452035904,0.0
869,0,0.4723105132579803,0.5084968209266663,0.4920434355735779,-0.0164533853530883,0.1729093790054321,0.0,0.0416997820138931
870,0,0.4699684977531433,0.5060523152351379,0.5019851326942444,-0.0040671825408935,0.1729093790054321,0.0,0.0103079471737146
871,0,0.4691410064697265,0.5064575672149658,0.5101024508476257,0.0036448836326599,0.1729093790054321,0.0021093317773193,0.0
872,0,0.4690809249877929,0.5066642761230469,0.5180746912956238,0.0114104151725769,0.1729093790054321,0.0066033247858285,0.0
873,0,0.4689988493919372,0.5064285397529602,0.5266289114952087,0.0202003717422485,0.1729093790054321,0.0116901639848947,0.0
874,0,0.4689450263977051,0.5060020685195923,0.5310055017471313,0.025003433227539,0.1729093790054321,0.0144697446376085,0.0
875,0,0.4689639210700989,0.5059833526611328,0.5296127796173096,0.0236294269561767,0.1729093790054321,0.0136745935305953,0.0
876,0,0.4690136015415191,0.5064196586608887,0.5175015330314636,0.0110818743705749,0.1729093790054321,0.0064131948165595,0.0
877,0,0.4690004289150238,0.5065869092941284,0.5097582340240479,0.0031713247299194,0.1729093790054321,0.0018352783517912,0.0
878,0,0.4688954949378967,0.5062580704689026,0.5018062591552734,-0.0044518113136291,0.1729093790054321,0.0,0.0112827578559517
879,0,0.4680442214012146,0.5045546293258667,0.491004467010498,-0.0135501623153686,0.1729093790054321,0.0,0.0343417972326278
880,0,0.4657537341117859,0.5014734864234924,0.487801194190979,-0.0136722922325134,0.1729093790054321,0.0,0.0346513241529464
881,0,0.4635340273380279,0.4983312785625458,0.4874748587608337,-0.010856419801712,0.1729093790054321,0.0,0.0275147221982479
882,0,0.4617250561714172,0.496765524148941,0.492298424243927,-0.004467099905014,0.1729093790054321,0.0,0.0113215055316686
883,0,0.4608836472034454,0.4969856441020965,0.5080420970916748,0.0110564529895782,0.1729093790054321,0.0063984836451709,0.0
884,0,0.4608317911624908,0.4976322948932647,0.5168045163154602,0.0191722214221954,0.1729093790054321,0.0110951624810695,0.0
885,0,0.4608631730079651,0.4978030025959015,0.5259595513343811,0.0281565487384796,0.1729093790054321,0.0162944849580526,0.0
886,0,0.4609012305736542,0.4976742267608642,0.5392895936965942,0.0416153669357299,0.1729093790054321,0.0240832418203353,0.0
887,0,0.4610285758972168,0.4976246356964111,0.5408062934875488,0.0431816577911376,0.1729093790054321,0.0249896701425313,0.0
888,0,0.4612130522727966,0.4980094730854034,0.5353062748908997,0.0372968018054962,0.1729093790054321,0.0215840432792902,0.0
889,0,0.4613412022590637,0.4983550310134887,0.5273932218551636,0.0290381908416748,0.1729093790054321,0.0168047007173299,0.0
890,0,0.4613934159278869,0.4981951117515564,0.5170066952705383,0.0188115835189819,0.1729093790054321,0.0108864577487111,0.0
891,0,0.4612612724304199,0.4974582195281982,0.5102658867835999,0.0128076672554016,0.1729093790054321,0.0074119293130934,0.0
892,0,0.4608187973499298,0.4966318309307098,0.5052409768104553,0.0086091458797454,0.1729093790054321,0.0049822013825178,0.0
893,0,0.4602558314800262,0.4957806169986725,0.50245201587677,0.0066713988780975,0.1729093790054321,0.0038608072791248,0.0
894,0,0.45981565117836,0.4948873519897461,0.5000593066215515,0.0051719546318054,0.1729093790054321,0.0029930635355412,0.0
895,0,0.459776759147644,0.4942165017127991,0.5080839991569519,0.0138674974441528,0.1729093790054321,0.0080252634361386,0.0
896,0,0.4596020579338074,0.4953443706035614,0.5183464288711548,0.0230020582675933,0.1729093790054321,0.0133115286007523,0.0
897,0,0.4596469402313232,0.4961022436618805,0.5272434949874878,0.0311412513256073,0.1729093790054321,0.0180217642337083,0.0
898,0,0.4597503542900085,0.4965904951095581,0.5325748324394226,0.0359843373298645,0.1729093790054321,0.0208245068788528,0.0
899,0,0.4598269760608673,0.4966491162776947,0.5416415333747864,0.0449924170970916,0.1729093790054321,0.0260375756770372,0.0
900,0,0.4599930644035339,0.4966299831867218,0.5439745187759399,0.0473445355892181,0.1729093790054321,0.0273987706750631,0.0
901,0,0.4602034986019134,0.4969896674156189,0.5398423671722412,0.0428526997566223,0.1729093790054321,0.0247993003576993,0.0
902,0,0.4603614807128906,0.4973001480102539,0.5179576873779297,0.0206575393676757,0.1729093790054321,0.0119547313079237,0.0
903,0,0.4603662490844726,0.4969997107982635,0.5115196704864502,0.0145199596881866,0.1729093790054321,0.0084028504788875,0.0
904,0,0.4601941704750061,0.4961707890033722,0.5040897727012634,0.0079189836978912,0.1729093790054321,0.0045827976427972,0.0
905,0,0.4596984684467315,0.4953126311302185,0.4982947111129761,0.0029820799827575,0.1729093790054321,0.0017257604049518,0.0
906,0,0.4590666890144348,0.4943483769893646,0.4802227616310119,-0.0141256153583526,0.1729093790054321,0.0,0.0358002372086048
907,0,0.4564282596111297,0.491161048412323,0.4799679517745971,-0.0111930966377258,0.1729093790054321,0.0,0.0283680036664009
908,0,0.454291969537735,0.488464742898941,0.4807210266590118,-0.0077437162399291,0.1729093790054321,0.0,0.0196258258074522
909,0,0.4530914425849914,0.4859879612922668,0.4848102033138275,-0.0011777579784393,0.1729093790054321,0.0,0.0029849328566342
910,0,0.4525792300701141,0.4870804846286773,0.4846457242965698,-0.0024347603321075,0.1729093790054321,0.0,0.0061707040295004
911,0,0.4521288573741913,0.4874573647975921,0.4941804707050323,0.0067231059074401,0.1729093790054321,0.0038907306734472,0.0
912,0,0.4520767331123352,0.4881104826927185,0.504147469997406,0.0160369873046875,0.1729093790054321,0.009280770085752,0.0
913,0,0.4521046578884125,0.4883342981338501,0.5122075080871582,0.0238732099533081,0.1729093790054321,0.0138156730681657,0.0
914,0,0.4521877467632293,0.4883829951286316,0.5015790462493896,0.013196051120758,0.1729093790054321,0.0076366909779608,0.0
915,0,0.4522388577461242,0.4884153604507446,0.5008215308189392,0.0124061703681945,0.1729093790054321,0.0071795787662267,0.0
916,0,0.4522216320037842,0.4884297251701355,0.4922700226306915,0.003840297460556,0.1729093790054321,0.0022224197164177,0.0
917,0,0.4521179795265198,0.4878958761692047,0.4860799014568329,-0.0018159747123718,0.1729093790054321,0.0,0.0046024415642023
918,0,0.4515914618968963,0.4865078032016754,0.4592796862125397,-0.0272281169891357,0.1729093790054321,0.0,0.069007471203804
919,0,0.4472294449806213,0.4810599982738495,0.4552125930786133,-0.0258474051952362,0.1729093790054321,0.0,0.065508171916008
920,0,0.4426631927490234,0.4762996733188629,0.4521470665931701,-0.0241526067256927,0.1729093790054321,0.0,0.0612128376960754
921,0,0.4381982982158661,0.471570611000061,0.449830949306488,-0.0217396616935729,0.1729093790054321,0.0,0.0550974234938621
922,0,0.4339627623558044,0.4670326709747314,0.4477839171886444,-0.019248753786087,0.1729093790054321,0.0,0.0487844161689281
923,0,0.4299964308738708,0.462726354598999,0.4369768798351288,-0.0257494747638702,0.1729093790054321,0.0,0.0652599707245826
924,0,0.4249909520149231,0.4574989378452301,0.4390039443969726,-0.0184949934482574,0.1729093790054321,0.0,0.0468740724027156
925,0,0.4211630523204803,0.4530996978282928,0.4410264790058136,-0.0120732188224792,0.1729093790054321,0.0,0.0305986013263463
926,0,0.4183123409748077,0.4496326148509979,0.4427046477794647,-0.0069279670715332,0.1729093790054321,0.0,0.0175583753734827
927,0,0.4162303507328033,0.4469724893569946,0.4439425468444824,-0.0030299425125122,0.1729093790054321,0.0,0.0076791453175246
928,0,0.4148805141448974,0.4450399279594421,0.4421569406986236,-0.0028829872608184,0.1729093790054321,0.0,0.0073066991753876
929,0,0.414057582616806,0.4434767365455627,0.4508288502693176,0.0073521137237548,0.1729093790054321,0.0042547439225018,0.0
930,0,0.4140745103359222,0.442851573228836,0.4613198339939117,0.0184682607650756,0.1729093790054321,0.0106877731159329,0.0
931,0,0.413856565952301,0.4444704055786133,0.4720268845558166,0.0275564789772033,0.1729093790054321,0.0159472189843654,0.0
932,0,0.4139284491539001,0.4456797540187835,0.4818401038646698,0.0361603498458862,0.1729093790054321,0.0209263674914836,0.0
933,0,0.4140945076942444,0.4467324018478393,0.4926203787326813,0.0458879768848419,0.1729093790054321,0.0265558455139398,0.0
934,0,0.4143157005310058,0.4474764168262481,0.5030928254127502,0.055616408586502,0.1729093790054321,0.0321857891976833,0.0
935,0,0.4145364165306091,0.4478407502174377,0.5127431750297546,0.0649024248123169,0.1729093790054321,0.0375597029924392,0.0
936,0,0.414705753326416,0.4477558434009552,0.5218544602394104,0.0740986168384552,0.1729093790054321,0.0428816340863704,0.0
937,0,0.4148343205451965,0.4473212659358978,0.5205097198486328,0.0731884539127349,0.1729093790054321,0.0423549115657806,0.0
938,0,0.4149910807609558,0.4471161067485809,0.5213208198547363,0.0742047131061554,0.1729093790054321,0.0429430343210697,0.0
939,0,0.4152611494064331,0.4478698968887329,0.5150218605995178,0.0671519637107849,0.1729093790054321,0.0388615354895591,0.0
940,0,0.4155541658401489,0.4487389922142029,0.5085017085075378,0.0597627162933349,0.1729093790054321,0.0345853008329868,0.0
941,0,0.4158602356910705,0.4492569863796234,0.5015304088592529,0.0522734224796295,0.1729093790054321,0.0302511695772409,0.0
942,0,0.4160815477371216,0.4493622481822967,0.4758964776992798,0.026534229516983,0.1729093790054321,0.0153556326404213,0.0
943,0,0.4160498976707458,0.4488017559051513,0.4688985645771026,0.0200968086719512,0.1729093790054321,0.0116302305832505,0.0
944,0,0.4157677292823791,0.4478567242622375,0.4619254171848297,0.0140686929225921,0.1729093790054321,0.008141697384417,0.0
945,0,0.4151593446731567,0.4469824135303497,0.456514298915863,0.0095318853855133,0.1729093790054321,0.0055162003263831,0.0
946,0,0.4144259393215179,0.4458828568458557,0.4391319155693054,-0.0067509412765502,0.1729093790054321,0.0,0.0171097181737422
947,0,0.4126325845718384,0.443711370229721,0.4391063153743744,-0.0046050548553466,0.1729093790054321,0.0,0.0116711407899856
948,0,0.4112089574337005,0.4419345259666443,0.4397885799407959,-0.0021459460258483,0.1729093790054321,0.0,0.0054387273266911
949,0,0.4107066094875335,0.4402191042900085,0.4450102746486664,0.0047911703586578,0.1729093790054321,0.0027726998087018,0.0
950,0,0.4105356931686401,0.4406699538230896,0.4535766243934631,0.0129066705703735,0.1729093790054321,0.0074692233465611,0.0
951,0,0.4103990197181701,0.4418359398841858,0.6411647796630859,0.1993288397789001,0.1729093790054321,0.1153536587953567,0.0
952,0,0.4114313721656799,0.4440592229366302,0.6513668298721313,0.2073076069355011,0.1729093790054321,0.1199710518121719,0.0
953,0,0.4126765131950378,0.4459018111228943,0.6608483195304871,0.2149465084075927,0.1729093790054321,0.1243917644023895,0.0
954,0,0.4139152467250824,0.447402685880661,0.6700035333633423,0.2226008474826812,0.1729093790054321,0.1288214027881622,0.0
955,0,0.4150998592376709,0.4484610557556152,0.6797735095024109,0.2313124537467956,0.1729093790054321,0.1338628977537155,0.0
956,0,0.4162092804908752,0.4490914046764374,0.6869372129440308,0.2378458082675933,0.1729093790054321,0.1376438289880752,0.0
957,0,0.4173514246940613,0.4498257040977478,0.6894766688346863,0.2396509647369384,0.1729093790054321,0.1386884897947311,0.0
958,0,0.4185819625854492,0.4513405561447143,0.6866004467010498,0.2352598905563354,0.1729093790054321,0.1361473202705383,0.0
959,0,0.4198673069477081,0.4534042775630951,0.672376275062561,0.2189719974994659,0.1729093790054321,0.1267213523387909,0.0
960,0,0.4211239516735077,0.4551124274730682,0.6658056378364563,0.210693210363388,0.1729093790054321,0.121930330991745,0.0
961,0,0.4223193824291229,0.4564248025417328,0.658383309841156,0.2019585072994232,0.1729093790054321,0.1168754696846008,0.0
962,0,0.4233772158622741,0.4572323560714721,0.6509449481964111,0.1937125921249389,0.1729093790054321,0.1121034771203994,0.0
963,0,0.4242340922355652,0.457450121641159,0.6373262405395508,0.1798761188983917,0.1729093790054321,0.1040961667895317,0.0
964,0,0.4246236085891723,0.4580481052398681,0.6331568360328674,0.1751087307929992,0.1729093790054321,0.101337231695652,0.0
965,0,0.4250600039958954,0.4582321941852569,0.6313974261283875,0.1731652319431305,0.1729093790054321,0.1002125069499015,0.0
966,0,0.4258468747138977,0.4580021798610687,0.633252739906311,0.1752505600452423,0.1729093790054321,0.1014193072915077,0.0
967,0,0.4267484545707702,0.4591021239757538,0.6447689533233643,0.1856668293476104,0.1729093790054321,0.1074473112821579,0.0
968,0,0.4276478886604309,0.4612208306789398,0.6543076634407043,0.1930868327617645,0.1729093790054321,0.1117413416504859,0.0
969,0,0.4287328720092773,0.4630193412303924,0.6633940935134888,0.2003747522830963,0.1729093790054321,0.1159589365124702,0.0
970,0,0.4298586547374725,0.4645620286464691,0.6722916960716248,0.2077296674251556,0.1729093790054321,0.1202153041958808,0.0
971,0,0.4309664070606231,0.4657080471515655,0.688039243221283,0.2223311960697174,0.1729093790054321,0.1286653578281402,0.0
972,0,0.4320313930511474,0.4664319157600403,0.696003258228302,0.2295713424682617,0.1729093790054321,0.1328553110361099,0.0
973,0,0.4330732226371765,0.4669319093227386,0.700768768787384,0.2338368594646453,0.1729093790054321,0.1353238075971603,0.0
974,0,0.4341811239719391,0.4679530560970306,0.7017179131507874,0.2337648570537567,0.1729093790054321,0.1352821290493011,0.0
975,0,0.4353823363780975,0.4697905480861664,0.6944853663444519,0.2246948182582855,0.1729093790054321,0.1300332099199295,0.0
976,0,0.4365974068641662,0.4716671109199524,0.6868532299995422,0.2151861190795898,0.1729093790054321,0.1245304271578788,0.0
977,0,0.4377911388874054,0.473154604434967,0.6793728470802307,0.2062182426452636,0.1729093790054321,0.1193406283855438,0.0
978,0,0.4388751983642578,0.4741724729537964,0.491077721118927,0.0169052481651306,0.1729093790054321,0.0097832418978214,0.0
979,0,0.4388030767440796,0.4732618033885956,0.4841040968894958,0.0108422935009002,0.1729093790054321,0.0062745469622313,0.0
980,0,0.4384316504001617,0.4724960625171661,0.47928187251091,0.0067858099937438,0.1729093790054321,0.0039270180277526,0.0
981,0,0.4382140338420868,0.4713785052299499,0.4783799648284912,0.0070014595985412,0.1729093790054321,0.0040518171153962,0.0
982,0,0.4379903674125671,0.4715529382228851,0.4896722137928009,0.0181192755699157,0.1729093790054321,0.0104858120903372,0.0
983,0,0.4379419386386871,0.4723597168922424,0.4995274841785431,0.0271677672863006,0.1729093790054321,0.0157222673296928,0.0
984,0,0.4380203485488891,0.4729889929294586,0.5076619386672974,0.0346729457378387,0.1729093790054321,0.0200655907392501,0.0
985,0,0.438146561384201,0.473296046257019,0.516259491443634,0.0429634451866149,0.1729093790054321,0.0248633883893489,0.0
986,0,0.4382443726062774,0.4732052087783813,0.5325191617012024,0.059313952922821,0.1729093790054321,0.0343255959451198,0.0
987,0,0.4382953643798828,0.4726826548576355,0.5398240685462952,0.0671414136886596,0.1729093790054321,0.0388554297387599,0.0
988,0,0.4381495118141174,0.4723116159439087,0.544629693031311,0.0723180770874023,0.1729093790054321,0.0418512187898159,0.0
989,0,0.4381747841835022,0.4717344045639038,0.5470623970031738,0.07532799243927,0.1729093790054321,0.0435930863022804,0.0
990,0,0.4384460151195526,0.471777081489563,0.5408446788787842,0.0690675973892211,0.1729093790054321,0.0399701297283172,0.0
991,0,0.4386391937732696,0.4729595184326172,0.5321580171585083,0.0591984987258911,0.1729093790054321,0.0342587828636169,0.0
992,0,0.438903272151947,0.4738461375236511,0.5240896344184875,0.0502434968948364,0.1729093790054321,0.0290764309465885,0.0
993,0,0.4391332268714905,0.4743667840957641,0.5104234218597412,0.036056637763977,0.1729093790054321,0.02086634747684,0.0
994,0,0.4392272531986236,0.4743613302707672,0.5022264122962952,0.0278650820255279,0.1729093790054321,0.0161258112639188,0.0
995,0,0.439283013343811,0.4741284251213074,0.4990198612213135,0.0248914361000061,0.1729093790054321,0.0144049311056733,0.0
996,0,0.4393508732318878,0.4742157459259033,0.5007492899894714,0.0265335440635681,0.1729093790054321,0.0153552358970046,0.0
997,0,0.4394459128379822,0.4745899140834808,0.5033493041992188,0.0287593901157379,0.1729093790054321,0.0166433565318584,0.0
998,0,0.4395344853401184,0.4747723937034607,0.5106284618377686,0.0358560681343078,0.1729093790054321,0.0207502767443656,0.0
999,0,0.439604103565216,0.4745541214942932,0.5313207507133484,0.0567666292190551,0.1729093790054321,0.0328514352440834,0.0
